tick,scenario,seed,employed,at_risk,in_training,unemployed,re_employed,seats_in_use,unemployment_rate,ever_unemployed_share,avg_unemployment_time,avg_unemployment_time_exposed,avg_at_risk_time,unemployment_burden_gini_exposed,unemployment_duration_gini,consumption_gini,income_gini,avg_supportive_coworkers,peer_boost_sd,avg_liquid_assets,min_liquid_assets,avg_consumption,min_consumption,labor_income_total,transfer_income_total,training_outlays,tax_revenue,government_balance,automation_output,desired_private_investment,private_investment,total_output,capital_stock,goods_market_gap
0,human_centric,-627064729,24,3,0,1,0,0,3.571428571428571,0,0,0,0,0,0,0.12290917153775838,0.13467001533610157,0,0,0.9674539457247704,0.654674722502941,3.8698157828990825,2.618698890011764,43.77123757918876,0.7553939105803165,0,8.023223721481507,7.2678298109011905,0.8022275401529453,0.09626730481835342,0,44.573465119341705,12,-63.78137680183265
1,human_centric,-627064729,24,1,2,1,0,6,3.571428571428571,3.571428571428571,0.03571428571428571,1,0.03571428571428571,0,0.9642857142857142,0.14321531890984396,0.15720405529396353,0.6785714285714286,0.03333928518291801,0.5043124770808903,0.28201372661665136,2.0172499083235627,1.128054906466606,41.2422496323438,2.272786678687296,3.5999999999999996,7.769440752374502,1.8966540736872055,1.9213101030700996,0.23055721236841195,0,43.1635597354139,12,-16.919437697645847
2,human_centric,-627064729,24,0,3,1,0,10,3.571428571428571,3.571428571428571,0.07142857142857142,2,0.03571428571428571,0,0.9642857142857142,0.16141067192041447,0.16772354013084856,1.1428571428571428,0.04132078662619345,0.40789815682526853,0.20748152743939352,1.6315926273010746,0.8299261097575743,39.91714034794775,3.067852249324927,6,7.635190829320414,-1.4326614200045134,2.5005864816101084,0.300070377793213,0,42.41772682955786,11.5968,-9.266866734872231
3,human_centric,-627064729,24,0,4,0,0,12,0,3.571428571428571,0.07142857142857142,2,0.03571428571428571,0,0.9642857142857142,0.16639433603412357,0.16772354013084856,1.3571428571428572,0.04130797993547019,0.38861529277414414,0.19089612494084085,1.554461171096577,0.7635844997633634,39.91714034794776,3.0678522493249276,7.199999999999999,7.638237559808817,-2.62961468951611,2.5175127621012257,0.3021015314521471,0,42.434653110048984,11.208550268928,-8.290259680655172
4,human_centric,-627064729,24,0,4,0,0,12,0,3.571428571428571,0.07142857142857142,2,0.03571428571428571,0,0.9642857142857142,0.1674550346948942,0.16772354013084856,1.3571428571428572,0.04130797993547018,0.38475871996391925,0.18697239396630616,1.5390348798556774,0.7478895758652251,39.91714034794775,3.067852249324927,7.199999999999999,7.641017070876981,-2.626835178447945,2.5329544902576986,0.3039545388309238,0,42.45009483820545,10.834604281120836,-7.842881797753531
5,human_centric,-627064729,24,0,4,0,0,8,0,3.571428571428571,0.07142857142857142,2,0.03571428571428571,0,0.9642857142857142,0.16724974713619378,0.16731602501116383,0.8928571428571429,0.043757085594021694,0.38691597683044565,0.1861876477713993,1.5476639073217833,0.7447505910855973,40.32714034794774,3.0678522493249276,4.8,7.717339987863901,-0.15051226146102703,2.5469706957405975,0.3056364834888717,0,42.87411104368834,10.474349557708667,-5.260478361321598
6,human_centric,-627064729,24,0,2,1,1,3,3.571428571428571,7.142857142857142,0.10714285714285714,1.5,0.03571428571428571,0.16666666666666674,0.9404761904761905,0.15273730359257254,0.15048050500459675,0.39285714285714285,0.03016708322083708,0.3944714493202217,0.18887829052474991,1.577885797280887,0.7555131620990001,42.06846914914435,2.3238864044342367,1.7999999999999998,7.927371749593289,3.8034853451590527,1.9724850152628113,0.23669820183153734,0,44.04095416440716,10.127205471380286,-1.939848159457692
7,human_centric,-627064729,24,0,1,2,1,4,7.142857142857142,10.714285714285714,0.17857142857142858,1.6666666666666667,0.03571428571428571,0.1333333333333333,0.907142857142857,0.15009133963184706,0.1495075358482656,0.5357142857142857,0.03277306934167252,0.3966254009610341,0.18885444022101328,1.586501603844137,0.7554177608840531,42.15846914914435,2.323886404434237,2.4,7.945143786601071,3.221257382166834,1.981218554194935,0.2377462265033922,0,44.139687703339284,9.792621220041012,-2.682357204296538
8,human_centric,-627064729,24,0,2,1,1,9,3.571428571428571,10.714285714285714,0.21428571428571427,2,0.03571428571428571,0.22222222222222232,0.9166666666666665,0.1496183107689142,0.1495075358482656,1.1428571428571428,0.042151151546779564,0.3970561912891966,0.18884967016026588,1.588224765156787,0.7553986806410639,42.158469149144345,2.323886404434237,5.3999999999999995,7.946540799898873,0.2226543954646365,1.9889797391827284,0.2386775687019274,0,44.14744888832708,9.470073954332022,-5.722844536062959
9,human_centric,-627064729,24,0,2,1,1,11,3.571428571428571,10.714285714285714,0.25,2.3333333333333335,0.03571428571428571,0.2857142857142858,0.9234693877551019,0.14952968602598093,0.1495075358482656,1.4285714285714286,0.04774269660759726,0.3971423493548291,0.18884871614811638,1.588569397419317,0.755394864592466,42.15846914914434,2.3238864044342367,6.6,7.947769788073481,-0.9761166163607555,1.9958074512638964,0.23949689415166756,0,44.15427660040823,9.159067045491907,-6.925666527332643
10,human_centric,-627064729,24,0,2,1,1,12,3.571428571428571,10.714285714285714,0.2857142857142857,2.6666666666666665,0.03571428571428571,0.3333333333333335,0.9285714285714284,0.1495119656916022,0.1495075358482656,1.5714285714285714,0.04696052603294607,0.39715958096795545,0.18884852534568652,1.5886383238718227,0.7553941013827463,42.15846914914434,2.323886404434237,7.199999999999999,7.948837484443419,-1.5750489199908175,2.001739097763548,0.24020869173162576,0,44.160208246907885,8.859128481384005,-7.521664821503148
11,human_centric,-627064729,24,0,2,1,1,9,3.571428571428571,10.714285714285714,0.32142857142857145,3,0.03571428571428571,0.37037037037037046,0.9325396825396823,0.15248605596065223,0.15328257779284882,1.25,0.041062283315849726,0.39980588443343806,0.18884848718520053,1.5992235377337525,0.7553939487408025,42.52846914914434,2.3238864044342367,5.3999999999999995,8.016350368509372,0.292463964075135,2.0068106759077255,0.24081728110892706,0,44.535279825052065,8.569809379707584,-5.642979231493002
12,human_centric,-627064729,24,0,2,1,1,6,3.571428571428571,10.714285714285714,0.35714285714285715,3.3333333333333335,0.03571428571428571,0.40000000000000013,0.9357142857142857,0.1499065881852486,0.1493665804617792,0.8571428571428571,0.03861867574635511,0.4030494308408201,0.18884847955310335,1.612197723363281,0.7553939182124136,42.908469149144345,2.3238864044342367,3.5999999999999996,8.085514676791988,2.161628272357751,2.0110568330333622,0.24132681996400346,0,44.91952598217771,8.290682608474999,-3.8220102719941718
13,human_centric,-627064729,24,0,0,2,2,2,7.142857142857142,10.714285714285714,0.42857142857142855,4,0.03571428571428571,0.38888888888888906,0.9345238095238095,0.138394351673496,0.13776568440576686,0.4642857142857143,0.036637795271113716,0.4109760750953315,0.18884847802668392,1.6439043003813265,0.7553939121067359,44.72244561600684,1.5288208337966056,1.2,8.300431181407065,5.571610347610459,1.3910609473657451,0.1669273136838894,0,46.11350656337258,8.021341504786408,-1.1158138473045625
14,human_centric,-627064729,24,0,0,2,2,4,7.142857142857142,10.714285714285714,0.5,4.666666666666667,0.03571428571428571,0.38095238095238093,0.9336734693877551,0.1375739595967529,0.13746646540096608,0.6428571428571429,0.04227023168581509,0.4133471182319481,0.1888484777214,1.6533884729277923,0.7553939108856004,44.83244561600685,1.5288208337966056,2.4,8.320566045943128,4.391745212146523,1.3929213058994214,0.16715055670793055,0,46.22536692190627,7.761398683781893,-2.469510320071899
15,human_centric,-627064729,24,0,0,2,2,5,7.142857142857142,10.714285714285714,0.5714285714285714,5.333333333333333,0.03571428571428571,0.375,0.9330357142857142,0.13748793960404382,0.13746646540096608,0.75,0.043625389432927736,0.4138213268592712,0.1888484776603433,1.6552853074370852,0.7553939106413732,44.83244561600684,1.5288208337966056,3,8.320810297574136,3.79198946377753,1.3942782594050365,0.16731339112860438,0,46.22672387541187,7.510484930409853,-3.1212647328265106
16,human_centric,-627064729,24,0,0,2,2,5,7.142857142857142,10.714285714285714,0.6428571428571429,6,0.03571428571428571,0.37037037037037046,0.9325396825396823,0.13604700001226044,0.13573499108737686,0.6785714285714286,0.040491360369222774,0.41455902572759307,0.18884847764813195,1.6582361029103727,0.7553939105925278,44.92244561600685,1.5288208337966056,3,8.337167638934488,3.808346805137883,1.3951523780736474,0.16741828536883768,0,46.317597994080494,7.268248167330584,-3.113012887409937
17,human_centric,-627064729,24,0,0,1,3,6,3.571428571428571,10.714285714285714,0.6785714285714286,6.333333333333333,0.03571428571428571,0.3508771929824561,0.9304511278195489,0.1255758996873504,0.12308331625084712,0.9285714285714286,0.05503245795502349,0.41886714802134567,0.18884847764568968,1.6754685920853836,0.7553939105827587,46.27835409203549,0.7553939105803165,3.5999999999999996,8.468203798305584,4.112809887725268,0.7672225652177547,0.09206670782613055,0,47.04557665725325,7.034352492884095,-3.467543921137482
18,human_centric,-627064729,24,0,0,1,3,7,3.571428571428571,10.714285714285714,0.7142857142857143,6.666666666666667,0.03571428571428571,0.3333333333333335,0.9285714285714284,0.1233984484476256,0.12294332883181736,1.0714285714285714,0.04760952285695234,0.4220144867658105,0.18884847764520118,1.6880579470632426,0.755393910580805,46.5983540920355,0.7553939105803165,4.2,8.525800549789157,3.57040663920884,0.7672045179042584,0.092064542148511,0,47.36555860993976,6.808477283599329,-4.100063907831026
19,human_centric,-627064729,24,0,0,1,3,9,3.571428571428571,10.714285714285714,0.75,7,0.03571428571428571,0.31746031746031744,0.9268707482993197,0.12204346010374456,0.12179192490654112,1.2857142857142858,0.04980915960897535,0.42328681165756077,0.18884847764510349,1.693147246630243,0.7553939105804142,46.688354092035496,0.7553939105803165,5.3999999999999995,8.541955192243494,2.3865612816631776,0.7669525315394697,0.09203430378473637,0,47.45530662357496,6.590316356214962,-5.352816282071843
20,human_centric,-627064729,24,0,0,1,3,11,3.571428571428571,10.714285714285714,0.7857142857142857,7.333333333333333,0.03571428571428571,0.3030303030303032,0.9253246753246753,0.12260474192136206,0.12274939853588274,1.6071428571428572,0.0477980761606164,0.42432699092162496,0.18884847764508395,1.6973079636865005,0.755393910580336,46.7983540920355,0.7553939105803165,6.6,8.561669480061376,1.2062755694810594,0.7664763527499214,0.09197716232999056,0,47.56483044478542,6.379577184626014,-6.559792538436588
21,human_centric,-627064729,25,0,0,1,2,11,3.571428571428571,10.714285714285714,0.8214285714285714,7.666666666666667,0.03571428571428571,0.2898550724637683,0.9239130434782608,0.12213860238776797,0.12207891435370977,1.4285714285714286,0.04968152542197117,0.42586635339142903,0.18884847764508006,1.7034654135657166,0.7553939105803203,46.98473981841427,0.7553939105803165,6.6,8.589405998790026,1.2340120882097096,0.7341823970858712,0.08810188765030454,0,47.71892221550014,6.175980167570853,-6.578109364339921
22,human_centric,-627064729,25,0,0,1,2,8,3.571428571428571,10.714285714285714,0.8571428571428571,8,0.03571428571428571,0.3055555555555556,0.9255952380952379,0.12108366779936874,0.12098490579982468,1.0714285714285714,0.04554635989265114,0.4291742258853897,0.18884847764507928,1.71669690354156,0.7553939105803172,47.404739818414264,0.7553939105803165,4.8,8.664851250253047,3.1094573396727307,0.7333226829915526,0.08799872195898631,0,48.13806250140582,5.979257943234659,-4.729450797757845
23,human_centric,-627064729,25,0,0,1,2,8,3.571428571428571,10.714285714285714,0.8928571428571429,8.333333333333334,0.03571428571428571,0.32000000000000006,0.927142857142857,0.11900387985852912,0.11861988171869298,1.1071428571428572,0.046398036356916854,0.4320500860984678,0.18884847764507906,1.7282003443938716,0.7553939105803167,47.714739818414266,0.7553939105803165,4.8,8.720462502666775,3.1650685920864587,0.7322740852900431,0.08787289023480517,0,48.44701390370431,5.789154747272098,-4.742595739324098
24,human_centric,-627064729,25,0,0,1,2,6,3.571428571428571,10.714285714285714,0.9285714285714286,8.666666666666666,0.03571428571428571,0.3333333333333335,0.9285714285714284,0.11990152795114217,0.12025009403394549,0.8214285714285714,0.04234370576590361,0.4349824009982262,0.18884847764507906,1.7399296039929053,0.7553939105803165,48.04473981841426,0.7553939105803165,3.5999999999999996,8.779641208378528,4.424247297798212,0.7310446725775671,0.08772536070930805,0,48.775784490991825,5.605425811047576,-3.5422444208095225
25,human_centric,-627064729,25,0,0,1,2,8,3.571428571428571,10.714285714285714,0.9642857142857143,9,0.03571428571428571,0.345679012345679,0.9298941798941798,0.11992093946206306,0.11996330097018393,1.1428571428571428,0.044632538490024215,0.43628314969246357,0.18884847764507906,1.7451325987698547,0.7553939105803165,48.14473981841427,0.7553939105803165,4.8,8.79738876772088,3.241994857140564,0.7296422244795118,0.08755706693754141,0,48.874382042893785,5.427836797159201,-4.789330722662139
26,human_centric,-627064729,25,0,0,1,2,8,3.571428571428571,10.714285714285714,1,9.333333333333334,0.03571428571428571,0.3571428571428572,0.9311224489795917,0.12134138252503424,0.12178399932192319,1.1428571428571428,0.046066147517346695,0.43747187085988254,0.18884847764507906,1.7498874834395302,0.7553939105803165,48.27473981841426,0.7553939105803165,4.8,8.820506530977289,3.2651126203969723,0.728074242570677,0.08736890910848123,0,49.00281406098494,5.256163269555446,-4.794035475321908
27,human_centric,-627064729,25,0,0,1,2,6,3.571428571428571,10.714285714285714,1.0357142857142858,9.666666666666666,0.03571428571428571,0.367816091954023,0.9322660098522166,0.12385776608406918,0.12459218447813569,0.8928571428571429,0.04868644955601477,0.44020961509336626,0.18884847764507906,1.7608384603734655,0.7553939105803165,48.62473981841427,0.7553939105803165,3.5999999999999996,8.883195800260644,4.527801889680328,0.7263479608115392,0.0871617552973847,0,49.35108777922581,5.090190195773916,-3.552389111231234
28,human_centric,-627064729,26,0,0,1,1,8,3.571428571428571,10.714285714285714,1.0714285714285714,10,0.03571428571428571,0.37777777777777777,0.9333333333333333,0.12365873486038859,0.12361669411566267,1.0714285714285714,0.047409060817728166,0.442066929529109,0.18884847764507906,1.7682677181164366,0.7553939105803165,48.80810700088071,0.7553939105803165,4.8,8.910027776026459,3.354633865446142,0.6920473103773948,0.08304567724528737,0,49.50015431125811,4.929711479031953,-4.811341796002114
29,human_centric,-627064729,26,0,0,1,1,5,3.571428571428571,10.714285714285714,1.1071428571428572,10.333333333333334,0.03571428571428571,0.3870967741935485,0.9343317972350229,0.12275989757356376,0.12264176382360525,0.6785714285714286,0.03634600041313688,0.4446526781305434,0.18884847764507906,1.778610712522174,0.7553939105803165,49.11810700088071,0.7553939105803165,3,8.965480070254184,5.2100861596738675,0.690115611642534,0.08281387339710408,0,49.808222612523245,4.774529518081045,-2.992877338097621
30,human_centric,-627064729,26,0,0,1,1,7,3.571428571428571,10.714285714285714,1.1428571428571428,10.666666666666666,0.03571428571428571,0.3958333333333335,0.935267857142857,0.12204443474557825,0.12187135028019025,0.9285714285714286,0.04142150094746376,0.44588411356511587,0.18884847764507906,1.783536454260464,0.7553939105803165,49.2181070008807,0.7553939105803165,4.2,8.983108617946803,4.027714707366486,0.6880519877126485,0.08256623852551782,0,49.90615898859335,4.624454792902905,-4.232861730699644
31,human_centric,-627064729,26,0,0,1,1,8,3.571428571428571,10.714285714285714,1.1785714285714286,11,0.03571428571428571,0.4040404040404042,0.936147186147186,0.12052201221125869,0.1202255651808577,1.0714285714285714,0.043417196017855764,0.4468446863663162,0.18884847764507906,1.787378745465265,0.7553939105803165,49.3181070008807,0.7553939105803165,4.8,9.000714495316029,3.445320584735712,0.6858624175416832,0.08230349010500199,0,50.003969418422386,4.479305474476337,-4.842635454605026
32,human_centric,-627064729,27,0,0,1,0,6,3.571428571428571,10.714285714285714,1.2142857142857142,11.333333333333334,0.03571428571428571,0.41176470588235303,0.9369747899159664,0.12063700994335647,0.12074722568182761,0.75,0.04004461797259936,0.44980049971757724,0.18884847764507906,1.7992019988703098,0.7553939105803165,49.70502483162369,0.7553939105803165,3.5999999999999996,9.064152960262998,4.708759049682682,0.6513805031707486,0.07816566038048983,0,50.35640533479444,4.338907056981945,-3.6212506335742543
33,human_centric,-627064729,27,0,0,1,0,6,3.571428571428571,10.714285714285714,1.25,11.666666666666666,0.03571428571428571,0.4190476190476191,0.9377551020408161,0.12071631723227116,0.12074722568182761,0.75,0.04004461797259937,0.4503916623878296,0.18884847764507906,1.8015666495513192,0.7553939105803165,49.70502483162366,0.7553939105803165,3.5999999999999996,9.063737113416334,4.7083432028360175,0.6490702429115284,0.0778884291493834,0,50.35409507453519,4.203092010937748,-3.689771112901729
34,human_centric,-627064729,27,0,0,1,0,6,3.571428571428571,10.714285714285714,1.2857142857142858,12,0.03571428571428571,0.42592592592592604,0.9384920634920635,0.11799921593689078,0.11744120424015181,0.7857142857142857,0.03691116175947139,0.4524384663504515,0.18884847764507906,1.8097538654018064,0.7553939105803165,49.975024831623685,0.7553939105803165,3.5999999999999996,9.11190252705304,4.756508616472724,0.6466558742265369,0.07759870490718443,0,50.621680705850224,4.071699455873893,-3.651427525400342
35,human_centric,-627064729,27,0,0,1,0,7,3.571428571428571,10.714285714285714,1.3214285714285714,12.333333333333334,0.03571428571428571,0.43243243243243246,0.939189189189189,0.11604509410236141,0.11563656187634197,0.8214285714285714,0.03631141030748488,0.45420497000011867,0.18884847764507906,1.8168198800004751,0.7553939105803165,50.165024831623676,0.7553939105803165,4.2,9.14565008902342,4.190256178443103,0.6441423296175448,0.07729707955410538,0,50.80916716124122,3.944574851259987,-4.261789478772092
36,human_centric,-627064729,27,0,0,1,0,9,3.571428571428571,10.714285714285714,1.3571428571428572,12.666666666666666,0.03571428571428571,0.4385964912280702,0.9398496240601504,0.11495125278879303,0.11470874268052933,1,0.03142977390677012,0.45520112787290923,0.18884847764507906,1.8208045114916371,0.7553939105803165,50.255024831623665,0.7553939105803165,5.3999999999999995,9.16138065577813,3.0059867451978137,0.6415343671437267,0.0769841240572472,0,50.89655919876739,3.82156970449503,-5.485967122998468
37,human_centric,-627064729,27,0,0,1,0,10,3.571428571428571,10.714285714285714,1.3928571428571428,13,0.03571428571428571,0.4444444444444444,0.9404761904761905,0.1147507864212658,0.11470874268052933,1.1428571428571428,0.033388842669592717,0.4554003594474673,0.18884847764507906,1.82160143778987,0.7553939105803165,50.255024831623686,0.7553939105803165,6,9.160895053482083,2.405501142901766,0.6388365766101093,0.07666038919321311,0,50.893861408233796,3.702541294858285,-6.110978849882564
38,human_centric,-627064729,27,0,0,1,0,9,3.571428571428571,10.714285714285714,1.4285714285714286,13.333333333333334,0.03571428571428571,0.4500000000000002,0.9410714285714286,0.11310164161024017,0.11281619423178624,0.9642857142857143,0.029102537208251657,0.45765449147666476,0.18884847764507906,1.8306179659066595,0.7553939105803165,50.565024831623674,0.7553939105803165,5.3999999999999995,9.21619407908393,3.060800168503614,0.6360533855092778,0.07632640626111334,0,51.20107821713295,3.5873524124004974,-5.4562248282534975
39,human_centric,-627064729,27,0,0,1,0,8,3.571428571428571,10.714285714285714,1.4642857142857142,13.666666666666666,0.03571428571428571,0.4552845528455285,0.9416376306620209,0.11329363644212731,0.11339674365984798,0.8928571428571429,0.03026120851421405,0.4603910321682184,0.18884847764507906,1.8415641286728746,0.7553939105803165,50.88502483162368,0.7553939105803165,4.8,9.273278501343329,3.7178845907630125,0.633189064728153,0.07598268776737835,0,51.51821389635183,3.4758711108292557,-4.845581706488654
40,human_centric,-627064729,27,0,0,1,0,7,3.571428571428571,10.714285714285714,1.5,14,0.03571428571428571,0.46031746031746046,0.9421768707482991,0.11585420533645219,0.11655275131252285,0.8571428571428571,0.035327268122738745,0.4627446906049083,0.18884847764507906,1.8509787624196334,0.7553939105803165,51.13791387339674,0.7553939105803165,4.2,9.318269089336985,4.362875178756668,0.6302477340309569,0.07562972808371482,0,51.7681616074277,3.3679704735106486,-4.259243740322046
41,human_centric,-627064729,27,0,0,1,0,9,3.571428571428571,10.714285714285714,1.5357142857142858,14.333333333333334,0.03571428571428571,0.4651162790697676,0.9426910299003322,0.11588324696170171,0.11591313577851059,1.1071428571428572,0.043465914396061144,0.4638582794351035,0.18884847764507906,1.855433117740414,0.7553939105803165,51.22791387339674,0.7553939105803165,5.3999999999999995,9.333926503330606,3.1785325927502894,0.6272333673288558,0.0752680040794627,0,51.85514724072559,3.2635283917721973,-5.496980056005996
42,human_centric,-627064729,27,0,0,1,0,10,3.571428571428571,10.714285714285714,1.5714285714285714,14.666666666666666,0.03571428571428571,0.4696969696969697,0.9431818181818181,0.11455187944102274,0.11429598832122734,1.1785714285714286,0.040039662875386496,0.46543814005828527,0.18884847764507906,1.8617525602331415,0.7553939105803165,51.41791387339673,0.7553939105803165,6,9.36757146080572,2.612177550225404,0.6241497977461647,0.07489797572953977,0,52.04206367114289,3.1624273547498603,-6.087008015385074
43,human_centric,-627064729,27,0,0,1,0,10,3.571428571428571,10.714285714285714,1.6071428571428572,15,0.03571428571428571,0.4740740740740741,0.9436507936507936,0.11197232725080752,0.1114157691798614,1.2142857142857142,0.03340270559012759,0.4671826836114929,0.18884847764507906,1.8687307344459725,0.7553939105803165,51.617913873396745,0.7553939105803165,6,9.403004627260055,2.647610716679738,0.6210007224924438,0.07452008669909325,0,52.23891459588919,3.0645542500751435,-6.0855459685980335
44,human_centric,-627064729,27,0,0,1,0,9,3.571428571428571,10.714285714285714,1.6428571428571428,15.333333333333334,0.03571428571428571,0.4782608695652175,0.9440993788819876,0.11214915701404515,0.1122569692712867,1.0714285714285714,0.03931961019684384,0.46910302089356326,0.18884847764507906,1.8764120835742533,0.7553939105803165,51.837913873396744,0.7553939105803165,5.3999999999999995,9.442026644570287,3.286632733989971,0.6177897075492991,0.07413476490591589,0,52.45570358094604,2.969800174747393,-5.483834759133047
45,human_centric,-627064729,27,0,0,1,0,6,3.571428571428571,10.714285714285714,1.6785714285714286,15.666666666666666,0.03571428571428571,0.4822695035460993,0.944528875379939,0.11030035949855388,0.10994288822085507,0.6785714285714286,0.03600962540339904,0.47148708834997716,0.18884847764507906,1.8859483533999093,0.7553939105803165,52.117913873396745,0.7553939105803165,3.5999999999999996,9.491838131803853,5.136444221223536,0.6145201921802131,0.07374242306162558,0,52.73243406557696,2.8780602555815924,-3.6741198296204924
46,human_centric,-627064729,27,0,0,1,0,4,3.571428571428571,10.714285714285714,1.7142857142857142,16,0.03571428571428571,0.48611111111111116,0.944940476190476,0.11142981896819415,0.11177718599947961,0.5,0.03967460238079362,0.4736781875555455,0.18884847764507906,1.8947127502221837,0.7553939105803165,52.35791387339673,0.7553939105803165,2.4,9.534439686000242,6.379045775419925,0.6111954932712789,0.07334345919255346,0,52.969109366668015,2.789233478663717,-2.4828476395531154
47,human_centric,-627064729,27,0,0,1,0,3,3.571428571428571,10.714285714285714,1.75,16.333333333333332,0.03571428571428571,0.48979591836734704,0.94533527696793,0.1121201613214613,0.1123412821402654,0.39285714285714285,0.02834733547569204,0.4756162122999285,0.18884847764507906,1.9024648491997145,0.7553939105803165,52.56788655985439,0.7553939105803165,1.7999999999999998,9.57162696648564,7.016233055905324,0.6078188095102837,0.07293825714123403,0,53.17570536936467,2.703222527284256,-1.8933104082273386
48,human_centric,-627064729,27,0,0,1,0,3,3.571428571428571,10.714285714285714,1.7857142857142858,16.666666666666668,0.03571428571428571,0.4933333333333334,0.9457142857142857,0.11255201915973267,0.11268293554225339,0.35714285714285715,0.031074241191193487,0.47678953153451925,0.18884847764507906,1.907158126138078,0.7553939105803165,52.67788655985441,0.7553939105803165,1.7999999999999998,9.59081036134781,7.035416450767493,0.6043932254111991,0.0725271870493439,0,53.28227978526561,2.619933627856123,-1.918147746600563
49,human_centric,-627064729,27,0,0,1,0,5,3.571428571428571,10.714285714285714,1.8214285714285714,17,0.03571428571428571,0.49673202614379086,0.946078431372549,0.11265676514616185,0.11268293554225339,0.5714285714285714,0.03450327796711771,0.4770241953814375,0.18884847764507906,1.9080967815257501,0.7553939105803165,52.67788655985442,0.7553939105803165,3,9.59018548950813,5.834791578927813,0.6009217151907537,0.07211060582289043,0,53.27880827504517,2.539276403356128,-3.147901607675834
50,human_centric,-627064729,27,0,0,0,1,5,0,10.714285714285714,1.8214285714285714,17,0.03571428571428571,0.49673202614379086,0.946078431372549,0.1057322579260016,0.10404557387956936,0.6785714285714286,0.04017158963442465,0.4802168170639533,0.25892776721278254,1.920867268255814,1.0357110688511306,53.87367691827324,0,3,9.702638509607715,6.702638509607715,0.029870357325171064,0.0035844428790205276,0,53.90354727559841,2.4611637338596517,-2.8807362355643775
51,human_centric,-627064729,27,0,0,0,1,9,0,10.714285714285714,1.8214285714285714,17,0.03571428571428571,0.49673202614379086,0.946078431372549,0.10440706108118492,0.10413302669168156,1.1428571428571428,0.05188892287820512,0.48164105568617094,0.2729436251263233,1.9265642227446838,1.0917745005052935,53.98367691827323,0,5.3999999999999995,9.722406515845549,4.322406515845549,0.02969261420204141,0.0035631137042449693,0,54.013369532475274,2.3855116237664022,-5.33042870437587
52,human_centric,-627064729,27,0,0,0,1,9,0,10.714285714285714,1.8214285714285714,17,0.03571428571428571,0.49673202614379086,0.946078431372549,0.10333820941575755,0.10313013499683654,1.1428571428571428,0.05188892287820511,0.4826401891249001,0.27574679670903146,1.9305607564996004,1.102987186836126,54.083676918273255,0,5.3999999999999995,9.740374183426198,4.340374183426198,0.029512989650064145,0.003541558758007697,0,54.11318990792332,2.3122390753412727,-5.342511274065502
53,human_centric,-627064729,27,0,0,0,1,10,0,10.714285714285714,1.8214285714285714,17,0.03571428571428571,0.49673202614379086,0.946078431372549,0.1031574591720632,0.10321235099523496,1.3214285714285714,0.04744810587708167,0.4844114443840745,0.2763074310255731,1.9376457775362985,1.1052297241022926,54.30367691827324,0,6,9.779941535471098,3.7799415354710977,0.029331612121741527,0.003519793454608983,0,54.333008530394984,2.241267968218574,-5.921073240621382
54,human_centric,-627064729,27,0,0,0,1,11,0,10.714285714285714,1.8214285714285714,17,0.03571428571428571,0.49673202614379086,0.946078431372549,0.10409060754756005,0.10436431700617321,1.4285714285714286,0.0576375740909517,0.48561699514769024,0.2764195578888815,1.9424679805907612,1.1056782315555258,54.422858877922565,0,6.6,9.801361347002283,3.2013613470022833,0.029148605423448815,0.003497832650813858,0,54.452007483346016,2.172522944540408,-6.5370959731952905
55,human_centric,-627064729,27,0,0,0,1,7,0,10.714285714285714,1.8214285714285714,17,0.03571428571428571,0.49673202614379086,0.946078431372549,0.10038700865730177,0.09963723403248004,0.9285714285714286,0.05666549952112693,0.4891588634467621,0.276441983261543,1.9566354537870494,1.1057679330461727,54.88496501841141,0,4.2,9.884507239310834,5.684507239310833,0.028964088870998127,0.003475690664519775,0,54.91392910728241,2.1059312994208295,-4.0718635987549705
56,human_centric,-627064729,27,0,0,0,1,7,0,10.714285714285714,1.8214285714285714,17,0.03571428571428571,0.49673202614379086,0.946078431372549,0.09847094305265269,0.0980124127362747,0.9642857142857143,0.05414071417350284,0.49051009424943387,0.27644646833607545,1.9620403769977355,1.1057858733443018,54.974965018411396,0,4.2,9.9006737752532,5.7006737752531995,0.028778177439712095,0.0034533812927654514,0,55.00374319585111,2.0414228764468407,-4.13338736008549
57,human_centric,-627064729,27,0,0,0,1,7,0,10.714285714285714,1.8214285714285714,17,0.03571428571428571,0.49673202614379086,0.946078431372549,0.09818808294043047,0.09813179241704462,0.9285714285714286,0.047802227040723844,0.49202232985778427,0.2764473653509818,1.9680893194311373,1.1057894614039279,55.14884354110565,0,4.2,9.931938214142678,5.731938214142677,0.02859098190922843,0.0034309178291074115,0,55.177434523014874,1.9789299679452912,-4.129066421056973
58,human_centric,-627064729,27,0,0,0,1,7,0,10.714285714285714,1.8214285714285714,17,0.03571428571428571,0.49673202614379086,0.946078431372549,0.09748326550288833,0.09733257730314882,0.8928571428571429,0.03994043183589901,0.493346201767655,0.27644754475396316,1.973384807070621,1.1057901790158529,55.29184301145377,0,4.2,9.957644211682263,5.757644211682263,0.028402609003245757,0.0034083130803894907,0,55.320245620457015,1.9183872197615228,-4.134528977520373
59,human_centric,-627064729,27,0,0,0,1,6,0,10.714285714285714,1.8214285714285714,17,0.03571428571428571,0.49673202614379086,0.946078431372549,0.09756253472240695,0.09760920690069907,0.7857142857142857,0.0355512150128359,0.4943966904353436,0.27644758063455943,1.977586761741375,1.105790322538238,55.40184301145377,0,3.5999999999999996,9.977410111136072,6.377410111136072,0.028213161524410914,0.0033855793829293095,0,55.43005617297818,1.8597315403111938,-3.542373155780302
60,human_centric,-627064729,27,0,0,0,1,7,0,10.714285714285714,1.8214285714285714,17,0.03571428571428571,0.49673202614379086,0.946078431372549,0.09745556969902291,0.09743898894809044,0.8571428571428571,0.03614162325099595,0.49511267070549003,0.2764475878106787,1.9804506828219606,1.105790351242715,55.472666566578994,0,4.2,9.990124074911435,5.790124074911435,0.02802273848453883,0.0033627286181446597,0,55.50068930506353,1.8029020136812495,-4.1519298139513525
61,human_centric,-627064729,27,0,0,0,1,5,0,10.714285714285714,1.8214285714285714,17,0.03571428571428571,0.49673202614379086,0.946078431372549,0.09700931191723683,0.09691924916006522,0.5714285714285714,0.0377176225075103,0.49560712998598466,0.2764475892459026,1.9824285199439395,1.1057903569836103,55.52184341828417,0,3,9.998941473632613,6.9989414736326125,0.02783143523034683,0.0033397722276416195,0,55.54967485351452,1.7478398165695312,-2.9583237049157844
62,human_centric,-627064729,27,0,0,0,1,4,0,10.714285714285714,1.8214285714285714,17,0.03571428571428571,0.49673202614379086,0.946078431372549,0.09600861813246708,0.09579720945858594,0.5357142857142857,0.03277306934167251,0.4967524476697806,0.27644758953294724,1.9870097906791224,1.1057903581317896,55.66834303416172,0,2.4,10.025276827990789,7.625276827990788,0.027639343564876927,0.003316721227785231,0,55.6959823777266,1.6944881388651296,-2.340291761288826
63,human_centric,-627064729,27,0,0,0,1,6,0,10.714285714285714,1.8214285714285714,17,0.03571428571428571,0.49673202614379086,0.946078431372549,0.09583885722385066,0.09579720945858594,0.75,0.03980773900457152,0.49698151120653955,0.2764475895903562,1.987926044826159,1.1057903583614253,55.66834303416172,0,3.5999999999999996,10.025242125484768,6.425242125484768,0.027446551864771847,0.0032935862237726218,0,55.69578958602649,1.6427921076833494,-3.5661396691059704
64,human_centric,-627064729,27,0,0,0,1,5,0,10.714285714285714,1.8214285714285714,17,0.03571428571428571,0.49673202614379086,0.946078431372549,0.09521003654373028,0.09510344960009598,0.6428571428571429,0.03426283407632531,0.4977416096281772,0.27644758960183813,1.9909664385127095,1.1057903584073523,55.76834303416173,0,3,10.043207312283952,7.043207312283952,0.027253145193562756,0.0032703774232275304,0,55.79559617935529,1.5926987146801288,-2.9514640990005816
65,human_centric,-627064729,28,0,0,0,0,6,0,10.714285714285714,1.8214285714285714,17,0.03571428571428571,0.49673202614379086,0.946078431372549,0.09441422645295194,0.09421760879884489,0.7142857142857143,0.0329341173353118,0.4987059961692705,0.28808748811380647,1.9948239846770828,1.1523499524552256,55.882074394108926,0,3.5999999999999996,10.058773390939606,6.458773390939607,0,0,0,55.882074394108926,1.5441567464810018,-3.5729971768494035
66,human_centric,-627064729,28,0,0,0,0,8,0,10.714285714285714,1.8214285714285714,17,0.03571428571428571,0.49673202614379086,0.946078431372549,0.09399198926444963,0.09388712330481419,0.8928571428571429,0.036866339445719105,0.4991069059220871,0.2904154678162001,1.9964276236883494,1.1616618712648004,55.91119893635265,0,4.8,10.064015808543477,5.264015808543477,0,0,0,55.91119893635265,1.4971167180692608,-4.788774526921119
67,human_centric,-627064729,28,0,0,0,0,7,0,10.714285714285714,1.8214285714285714,17,0.03571428571428571,0.49673202614379086,0.946078431372549,0.09269626719429347,0.09245189534772003,0.8214285714285714,0.03614162325099596,0.5001193959320934,0.29088106375667877,2.0004775837283737,1.1635242550267153,56.04172206467466,0,4.2,10.087509971641438,5.887509971641438,0,0,0,56.04172206467466,1.4515308089869263,-4.171650279719818
68,human_centric,-627064729,28,0,0,0,0,8,0,10.714285714285714,1.8214285714285714,17,0.03571428571428571,0.49673202614379086,0.946078431372549,0.09260933545471195,0.0925915540786757,0.9285714285714286,0.046999943712675976,0.5006770534836137,0.2909741829447745,2.002708213934455,1.1638967317790982,56.09144440160732,0,4.8,10.096459992289317,5.296459992289317,0,0,0,56.09144440160732,1.407352802210487,-4.78438558855743
69,human_centric,-627064729,28,0,0,0,0,8,0,10.714285714285714,1.8214285714285714,17,0.03571428571428571,0.49673202614379086,0.946078431372549,0.0925951095618589,0.0925915540786757,0.8571428571428571,0.042413934018690126,0.5007885849939175,0.2909928067823937,2.003154339975672,1.1639712271295748,56.09144440160733,0,4.8,10.09645999228932,5.2964599922893205,0,0,0,56.09144440160733,1.3645380255712056,-4.796877117711477
70,human_centric,-627064729,28,0,0,0,0,5,0,10.714285714285714,1.8214285714285714,17,0.03571428571428571,0.49673202614379086,0.946078431372549,0.09085394632910426,0.09042009255840466,0.5357142857142857,0.034646743359179166,0.5021155795150574,0.31099653154991747,2.0084623180602303,1.24398612619967,56.27410075227839,0,3,10.12933813541011,7.12933813541011,0,0,0,56.27410075227839,1.3230432955971005,-2.9628441534080636
71,human_centric,-627064729,28,0,0,0,0,5,0,10.714285714285714,1.8214285714285714,17,0.03571428571428571,0.49673202614379086,0.946078431372549,0.09050681747310407,0.09042009255840466,0.5,0.028867513459481298,0.5023809784192853,0.31499727650342213,2.009523913677142,1.2599891060136892,56.274100752278386,0,3,10.129338135410109,7.129338135410109,0,0,0,56.274100752278386,1.2828268636605802,-2.9925688306815985
72,human_centric,-627064729,28,0,0,0,0,4,0,10.714285714285714,1.8214285714285714,17,0.03571428571428571,0.49673202614379086,0.946078431372549,0.09050188772330192,0.09050065561739107,0.39285714285714285,0.02834733547569204,0.5024891246249175,0.31579742549412315,2.00995649849967,1.2631897019764928,56.281810051748465,0,2.4,10.130725809314724,7.730725809314723,0,0,0,56.281810051748465,1.243848364322124,-2.3969719062422796
73,human_centric,-627064729,28,0,0,0,0,3,0,10.714285714285714,1.8214285714285714,17,0.03571428571428571,0.49673202614379086,0.946078431372549,0.0893265718016667,0.08905805914187193,0.32142857142857145,0.023779743280283542,0.5031536110089009,0.31595745529226327,2.0126144440356044,1.2638298211690537,56.371810051748454,0,1.7999999999999998,10.146925809314721,8.346925809314722,0,0,0,56.371810051748454,1.2060687657664322,-1.7813943812484636
74,human_centric,-627064729,28,0,0,0,0,4,0,10.714285714285714,1.8214285714285714,17,0.03571428571428571,0.49673202614379086,0.946078431372549,0.08911169246516737,0.08905805914187193,0.4642857142857143,0.03186238597800924,0.5032865082856975,0.3159894612518914,2.013146033142791,1.2639578450075657,56.37181005174848,0,2.4,10.146925809314727,7.746925809314726,0,0,0,56.37181005174848,1.169450322233112,-2.3962788762496756
75,human_centric,-627064729,28,0,0,0,0,4,0,10.714285714285714,1.8214285714285714,17,0.03571428571428571,0.49673202614379086,0.946078431372549,0.08906878524006645,0.08905805914187193,0.5,0.0372677996249965,0.5033130877410569,0.31599586244381705,2.0132523509642284,1.2639834497752682,56.37181005174846,0,2.4,10.146925809314723,7.746925809314723,0,0,0,56.37181005174846,1.1339565283492674,-2.399255775249928
76,human_centric,-627064729,28,0,0,0,0,4,0,10.714285714285714,1.8214285714285714,17,0.03571428571428571,0.49673202614379086,0.946078431372549,0.08906020433885353,0.08905805914187193,0.5,0.03191423692521128,0.5033184036321289,0.31599714268220214,2.013273614528516,1.2639885707288088,56.37181005174847,0,2.4,10.146925809314723,7.746925809314723,0,0,0,56.37181005174847,1.0995520752763335,-2.399851155049974
77,human_centric,-627064729,28,0,0,0,0,6,0,10.714285714285714,1.8214285714285714,17,0.03571428571428571,0.49673202614379086,0.946078431372549,0.08756575339369643,0.08719280323372525,0.75,0.029265704869035392,0.5040337525246288,0.335997398729879,2.0161350100985165,1.3439895949195169,56.47181005174846,0,3.5999999999999996,10.164925809314722,6.5649258093147225,0,0,0,56.47181005174846,1.06620280858817,-3.5799702310099857
78,human_centric,-627064729,28,0,0,0,0,5,0,10.714285714285714,1.8214285714285714,17,0.03571428571428571,0.49673202614379086,0.946078431372549,0.0873717546030861,0.0873327833482076,0.6071428571428571,0.03144450053278973,0.5049625365888432,0.3399974499394145,2.0198501463553735,1.3599897997576582,56.58181005174846,0,3,10.184725809314722,7.184725809314722,0,0,0,56.58181005174846,1.0338756878018125,-2.9739940462020087
79,human_centric,-627064729,28,0,0,0,0,7,0,10.714285714285714,1.8214285714285714,17,0.03571428571428571,0.49673202614379086,0.946078431372549,0.0875548489792286,0.08760057796424703,0.8571428571428571,0.04017158963442465,0.5053566128164709,0.3407974601813215,2.021426451265885,1.3631898407252867,56.61097476981837,0,4.2,10.189975458567305,5.989975458567305,0,0,0,56.61097476981837,1.0025387474864098,-4.188965865626405
80,human_centric,-627064729,28,0,0,0,0,6,0,10.714285714285714,1.8214285714285714,17,0.03571428571428571,0.49673202614379086,0.946078431372549,0.08719263415386935,0.08710805212289618,0.75,0.035026445035884694,0.5061497137762824,0.3409574622297029,2.0245988551051304,1.3638298489188123,56.71097476981835,0,3.5999999999999996,10.207975458567303,6.607975458567303,0,0,0,56.71097476981835,0.9721610598797541,-3.5777931731252917
81,human_centric,-627064729,28,0,0,0,0,6,0,10.714285714285714,1.8214285714285714,17,0.03571428571428571,0.49673202614379086,0.946078431372549,0.08701275326612534,0.0869678081846681,0.7142857142857143,0.03293411733531179,0.506376209683797,0.34098946263937924,2.025504838735189,1.3639578505575174,56.720477369995706,0,3.5999999999999996,10.209685926599226,6.6096859265992265,0,0,0,56.720477369995706,0.9427126989454575,-3.5936581145895854
82,human_centric,-627064729,28,0,0,0,0,6,0,10.714285714285714,1.8214285714285714,17,0.03571428571428571,0.49673202614379086,0.946078431372549,0.0869767963968957,0.0869678081846681,0.7142857142857143,0.03293411733531179,0.5064215088652999,0.34099586272131455,2.025686035461201,1.3639834508852584,56.7204773699957,0,3.5999999999999996,10.209685926599226,6.6096859265992265,0,0,0,56.7204773699957,0.9141647058072678,-3.5987316229179296
83,human_centric,-627064729,28,0,0,0,0,5,0,10.714285714285714,1.8214285714285714,17,0.03571428571428571,0.49673202614379086,0.946078431372549,0.08613863193231053,0.08602983427254696,0.5357142857142857,0.03186238597800925,0.5079305687016006,0.34099714273770165,2.031722274806403,1.3639885709508066,56.9304773699957,0,3,10.247485926599225,7.247485926599225,0,0,0,56.9304773699957,0.8864890555002467,-2.9577463245835816
84,human_centric,-627064729,28,0,0,0,0,7,0,10.714285714285714,1.8214285714285714,17,0.03571428571428571,0.49673202614379086,0.946078431372549,0.08605113671864784,0.08602983427254696,0.75,0.0350264450358847,0.5082323806688606,0.3409973987409789,2.032929522675443,1.3639895949639165,56.9304773699957,0,4.2,10.247485926599225,6.047485926599225,0,0,0,56.9304773699957,0.8596586249815829,-4.191549264916735
85,human_centric,-627064729,28,0,0,0,0,4,0,10.714285714285714,1.8214285714285714,17,0.03571428571428571,0.49673202614379086,0.946078431372549,0.08332686045630844,0.08264871087004999,0.42857142857142855,0.034503277967117704,0.5096498859194555,0.3609974499416344,2.0385995436778237,1.4439897997665383,57.120477369995726,0,2.4,10.28168592659923,7.88168592659923,0,0,0,57.120477369995726,0.8336471623466838,-2.360309852983336
86,human_centric,-627064729,28,0,0,0,0,5,0,10.714285714285714,1.8214285714285714,17,0.03571428571428571,0.49673202614379086,0.946078431372549,0.08278417594733112,0.08264871087004999,0.5357142857142857,0.034646743359179166,0.5099333869695745,0.3649974601817656,2.039733547878299,1.4599898407270626,57.12047736999572,0,3,10.281685926599229,7.281685926599229,0,0,0,57.12047736999572,0.8084292571988966,-2.9920619705966516
87,human_centric,-627064729,28,0,0,0,0,5,0,10.714285714285714,1.8214285714285714,17,0.03571428571428571,0.49673202614379086,0.946078431372549,0.08252539375182355,0.08246075373795003,0.6071428571428571,0.03426283407632531,0.5102838714559728,0.3657974622297917,2.0411354858238933,1.4631898489191677,57.161607168688164,0,3,10.289089290363869,7.289089290363869,0,0,0,57.161607168688164,0.7839803121237611,-2.9901864343808313
88,human_centric,-627064729,28,0,0,0,0,5,0,10.714285714285714,1.8214285714285714,17,0.03571428571428571,0.49673202614379086,0.946078431372549,0.08194335857064639,0.08181452587231663,0.6428571428571429,0.04349177383752462,0.5110682540675384,0.3659574626393971,2.0442730162701546,1.4638298505575884,57.26160716868818,0,3,10.307089290363871,7.307089290363871,0,0,0,57.26160716868818,0.760276515221109,-2.9780372868761447
89,human_centric,-627064729,28,0,0,0,0,7,0,10.714285714285714,1.8214285714285714,17,0.03571428571428571,0.49673202614379086,0.946078431372549,0.08184028450516201,0.08181452587231663,0.8214285714285714,0.054524156095107044,0.5112251305898514,0.36598946272131805,2.0449005223594074,1.4639578508852729,57.26160716868816,0,4.2,10.307089290363868,6.107089290363867,0,0,0,57.26160716868816,0.7372948136505967,-4.195607457375243
90,human_centric,-627064729,28,0,0,0,0,9,0,10.714285714285714,1.8214285714285714,17,0.03571428571428571,0.49673202614379086,0.946078431372549,0.08036018359855479,0.07999083178180455,1.0714285714285714,0.055990361982404036,0.5119707916085996,0.38599586273770226,2.0478831664343997,1.5439834509508097,57.36160716868816,0,5.3999999999999995,10.325089290363868,4.925089290363869,0,0,0,57.36160716868816,0.715012888148408,-5.379121491475055
91,human_centric,-627064729,27,0,1,0,0,9,0,10.714285714285714,1.8214285714285714,17,0.03571428571428571,0.49673202614379086,0.946078431372549,0.08925745391086037,0.09150547924675001,1.0357142857142858,0.04611206730697239,0.5076513813810145,0.26487795466360375,2.0306055255240594,1.0595118186544148,55.79761731772096,0.9383939105803163,5.3999999999999995,10.122896867745558,3.784502957165242,0.4406986141988015,0.05288383370385618,0,56.238315931919765,0.6934091284748902,-6.018638782753897
92,human_centric,-627064729,27,0,1,0,0,9,0,10.714285714285714,1.8214285714285714,17,0.03571428571428571,0.49673202614379086,0.946078431372549,0.0910551077720625,0.09150547924675001,1.0714285714285714,0.042879183045206666,0.5067874993354974,0.240654373048784,2.0271499973419917,0.962617492195136,55.797617317720956,0.9383939105803163,5.3999999999999995,10.122224974176273,3.783831063595957,0.4369658721472348,0.052435904657668175,0,56.23458318986819,0.6724626097548078,-5.925616735707572
93,human_centric,-627064729,27,0,1,0,0,8,0,10.714285714285714,1.8214285714285714,17,0.03571428571428571,0.49673202614379086,0.946078431372549,0.09141537423278168,0.09150547924675001,1,0.047140452079103175,0.5066147229263941,0.23580965672582,2.026458891705578,0.9432386269032803,55.79761731772096,0.9383939105803163,4.8,10.121555982696798,4.383162072116481,0.4332492528168031,0.05198991033801637,0,56.23086657053776,0.6521530696737081,-5.309982397218408
94,human_centric,-627064729,27,0,1,0,0,8,0,10.714285714285714,1.8214285714285714,17,0.03571428571428571,0.49673202614379086,0.946078431372549,0.09093496338371798,0.0908478705740392,0.9642857142857143,0.03186238597800924,0.5076378446965062,0.23484071346122715,2.030551378786027,0.939362853844909,55.94569210499155,0.9383939105803163,4.8,10.147543439503115,4.409149528922799,0.4295492255813107,0.051545907069757285,0,56.37524133057286,0.6324608864956115,-5.280197275435884
95,human_centric,-627064729,27,0,1,0,0,8,0,10.714285714285714,1.8214285714285714,17,0.03571428571428571,0.49673202614379086,0.946078431372549,0.09086528211753464,0.0908478705740392,0.9285714285714286,0.033134326579600165,0.5078424690505287,0.23464692480830862,2.0313698762021155,0.9385876992332348,55.945692104991544,0.9383939105803163,4.8,10.146880501470488,4.408486590890171,0.42586623651116895,0.051103948381340275,0,56.37155834150271,0.613367057868859,-5.306798192156516
96,human_centric,-627064729,26,0,1,1,0,9,3.571428571428571,10.714285714285714,1.8571428571428572,17.333333333333332,0.03571428571428571,0.5,0.9464285714285714,0.09995144906148212,0.10266608637590635,0.9642857142857143,0.04030800726574622,0.5025071615479016,0.23460816707772492,2.0100286461916075,0.9384326683108999,54.03665632469305,2.0947571585984153,5.3999999999999995,9.877664365586304,2.3829072069878885,0.8392568174530806,0.10071081809436966,0,54.87591314214613,0.5948531803884897,-6.804888951218893
97,human_centric,-627064729,26,0,1,1,0,9,3.571428571428571,10.714285714285714,1.8928571428571428,17.666666666666668,0.03571428571428571,0.5031446540880504,0.9467654986522911,0.10212200356666368,0.10266608637590635,0.9642857142857143,0.037599954970140785,0.5014401000473762,0.23460041553160815,2.005760400189506,0.9384016621264331,54.03665632469305,2.0947571585984153,5.3999999999999995,9.876359207161622,2.381602048563207,0.8320059373159645,0.09984071247791573,0,54.86866226200901,0.5769014298849695,-6.6926289432971595
98,human_centric,-627064729,26,0,1,1,0,6,3.571428571428571,10.714285714285714,1.9285714285714286,18,0.03571428571428571,0.5061728395061729,0.947089947089947,0.10255722348214191,0.10266608637590635,0.6428571428571429,0.03381203880652524,0.501226687747271,0.23459886522238482,2.0049067509890857,0.9383954608895396,54.03665632469304,2.0947571585984153,3.5999999999999996,9.875060576672174,4.180303418073759,0.8247913234857118,0.09897495881828541,0,54.86144764817875,0.5594945424104795,-4.87594137951565
99,human_centric,-627064729,25,0,3,0,0,9,0,10.714285714285714,1.9285714285714286,18,0.03571428571428571,0.5061728395061729,0.947089947089947,0.1110527336262721,0.11370306092721649,0.9642857142857143,0.03722340675679767,0.49561257671582126,0.23459855516054018,1.9824503068632873,0.9383942206421608,52.08665632469304,3.264757158598415,5.3999999999999995,9.595568368687077,0.9308112100886623,1.2220568346796163,0.14664682016155395,0,53.30871315937266,0.542615795895269,-7.599895432799365
100,human_centric,-627064729,25,0,3,0,0,8,0,10.714285714285714,1.9285714285714286,18,0.03571428571428571,0.5061728395061729,0.947089947089947,0.11293825785979372,0.11341054196321099,0.8928571428571429,0.03929773745792713,0.494854455958691,0.23459849314817127,1.9794178238347655,0.9383939725926851,52.13771452757537,3.2647571585984156,4.8,9.602837912428207,1.5380807538297914,1.2113849859146688,0.14536619830976025,0,53.34909951349004,0.5262489924478244,-6.874599553883381
101,human_centric,-627064729,25,0,2,0,1,9,0,10.714285714285714,1.9285714285714286,18,0.03571428571428571,0.5061728395061729,0.947089947089947,0.10398884912225559,0.10269317225322028,1.1785714285714286,0.04597560890033556,0.49967523717856427,0.23459848074569745,1.9987009487142589,0.9383939229827901,53.99021452757536,2.1083939105803164,5.3999999999999995,9.866110029314447,2.357716118734131,0.821507857504895,0.09858094290058739,0,54.81172238508026,0.510378441273774,-6.551904178918975
102,human_centric,-627064729,25,0,2,0,1,11,0,10.714285714285714,1.9285714285714286,18,0.03571428571428571,0.5061728395061729,0.947089947089947,0.10285224203365662,0.10269317225322028,1.3214285714285714,0.04666099738806146,0.5006393934225388,0.23459847826520264,2.0025575736901566,0.938393913060811,53.99021452757536,2.1083939105803164,6.6,9.865327672523337,1.156933761943021,0.8171614308876232,0.09805937170651477,0,54.807375958462984,0.5,-7.864236104861424
103,human_centric,-627064729,25,0,2,0,1,10,0,10.714285714285714,1.9285714285714286,18,0.03571428571428571,0.5061728395061729,0.947089947089947,0.10272419714575953,0.10269317225322028,1.2142857142857142,0.049541549020646086,0.5008322246713338,0.2345984777691037,2.0033288986853366,0.9383939110764152,53.99021452757535,2.1083939105803164,6,9.86560083157856,1.757206920998243,0.8186789811944312,0.09824147774333174,0,54.80889350876978,0.5,-7.2843156544196574
104,human_centric,-627064729,25,0,0,0,3,6,0,10.714285714285714,1.9285714285714286,18,0.03571428571428571,0.5061728395061729,0.947089947089947,0.08241273674568417,0.07833802333995665,0.9642857142857143,0.05319799296050985,0.5109111226913677,0.37922776723758744,2.0436444907654727,1.5169110689503504,57.504254885994214,0,3.5999999999999996,10.361555279532503,6.761555279532503,0.05994111140858544,0.007192933369030253,0,57.5641959974028,0.5,-3.257849744030443
105,human_centric,-627064729,25,0,0,0,3,8,0,10.714285714285714,1.9285714285714286,18,0.03571428571428571,0.5061728395061729,0.947089947089947,0.07905730880504835,0.07833802333995665,1.2142857142857142,0.052629281487032185,0.5129269022953746,0.4081536251312843,2.0517076091815007,1.6326145005251373,57.5042548859942,0,4.8,10.36157468242683,5.561574682426831,0.06004890526597101,0.007205868631916521,0,57.56430379126017,0.5,-4.683509265821836
106,human_centric,-627064729,25,0,0,0,3,6,0,10.714285714285714,1.9285714285714286,18,0.03571428571428571,0.5061728395061729,0.947089947089947,0.07848114512842463,0.07833802333995665,1.0714285714285714,0.05202258361855172,0.513330058216176,0.41393879671002365,2.0533202328647056,1.655755186840095,57.5042548859942,0,3.5999999999999996,10.361593812989685,6.761593812989686,0.06015518617072072,0.007218622340486486,0,57.56441007216492,0.5,-3.528556448046862
107,human_centric,-627064729,25,0,0,0,3,6,0,10.714285714285714,1.9285714285714286,18,0.03571428571428571,0.5061728395061729,0.947089947089947,0.07836664320219278,0.07833802333995665,1.0714285714285714,0.04391550328268399,0.5134106894003363,0.4150958310257715,2.053642757601347,1.6603833241030863,57.50425488599419,0,3.5999999999999996,10.36161267635581,6.76161267635581,0.06025998264919206,0.007231197917903047,0,57.564514868643386,0.5,-3.537482344194329
108,human_centric,-627064729,25,0,0,0,3,10,0,10.714285714285714,1.9285714285714286,18,0.03571428571428571,0.5061728395061729,0.947089947089947,0.07834374713261916,0.07833802333995665,1.4642857142857142,0.04690838758044052,0.5134268156371683,0.415327237888921,2.053707262548675,1.6613089515556845,57.50425488599421,0,6,10.361631277560328,4.361631277560328,0.06036332267428336,0.007243598720914003,0,57.56461820866849,0.5,-5.939185142694406
109,human_centric,-627064729,25,0,0,0,3,6,0,10.714285714285714,1.9285714285714286,18,0.03571428571428571,0.5061728395061729,0.947089947089947,0.07833916809129815,0.07833802333995665,0.9285714285714286,0.04654746681256314,0.5134300408845347,0.41537351926155086,2.0537201635381406,1.6614940770462043,57.5042548859942,0,3.5999999999999996,10.361649621540653,6.761649621540654,0.06046523367609741,0.007255828041131689,0,57.5647201196703,0.5,-3.5394444593976484
110,human_centric,-627064729,25,0,0,0,3,6,0,10.714285714285714,1.9285714285714286,18,0.03571428571428571,0.5061728395061729,0.947089947089947,0.07833825228993718,0.07833802333995665,0.9285714285714286,0.04654746681256314,0.5134306859340081,0.41538277553607683,2.0537227437360337,1.6615311021443082,57.504254885994214,0,3.5999999999999996,10.36166771313839,6.76166771313839,0.0605657425523992,0.007267889106287904,0,57.56482062854661,0.5,-3.5394161960623247
111,human_centric,-627064729,25,0,0,0,3,7,0,10.714285714285714,1.9285714285714286,18,0.03571428571428571,0.5061728395061729,0.947089947089947,0.0783380691299409,0.07833802333995665,1.0357142857142858,0.0402291715473516,0.5134308149439027,0.4153846267909822,2.0537232597756123,1.6615385071639288,57.504254885994214,0,4.2,10.361685557101156,6.161685557101156,0.060664875678872805,0.007279785081464736,0,57.56491976167309,0.5,-4.139331512044056
112,human_centric,-627064729,25,0,0,0,3,3,0,10.714285714285714,1.9285714285714286,18,0.03571428571428571,0.5061728395061729,0.947089947089947,0.07833803249795301,0.07833802333995665,0.6428571428571429,0.03740950279636044,0.5134308407458815,0.4153849970419632,2.0537233629835283,1.6615399881678532,57.50425488599421,0,1.7999999999999998,10.36170315808441,8.56170315808441,0.060762658919180305,0.007291519070301637,0,57.56501754491339,0.5,-1.7392366186254007
113,human_centric,-627064729,25,0,0,0,3,7,0,10.714285714285714,1.9285714285714286,18,0.03571428571428571,0.5061728395061729,0.947089947089947,0.07833802517155553,0.07833802333995665,1.1428571428571428,0.04315592499800998,0.5134308459062774,0.4153850710921594,2.0537233836251114,1.661540284368638,57.504254885994214,0,4.2,10.361720520653227,6.161720520653227,0.06085911763482727,0.007303094116179272,0,57.56511400362904,0.5,-4.139140737874091
114,human_centric,-627064729,25,0,0,0,3,8,0,10.714285714285714,1.9285714285714286,18,0.03571428571428571,0.5061728395061729,0.947089947089947,0.0783380237062763,0.07833802333995665,1.2857142857142858,0.04197504927816955,0.5134308469383565,0.4153850859021986,2.0537233877534278,1.661540343608795,57.5042548859942,0,4.8,10.361737649284025,5.561737649284026,0.06095427669483811,0.007314513203380574,0,57.56520916268904,0.5,-4.739045694406907
115,human_centric,-627064729,25,0,0,0,3,7,0,10.714285714285714,1.9285714285714286,18,0.03571428571428571,0.5061728395061729,0.947089947089947,0.07833802341322049,0.07833802333995665,1.1428571428571428,0.04725255794985318,0.5134308471447723,0.41538508886420633,2.0537233885790913,1.6615403554568262,57.504254885994214,0,4.2,10.361754548366301,6.161754548366301,0.061048160485245126,0.0073257792582294146,0,57.56530304647946,0.5,-4.138951833735104
116,human_centric,-627064729,26,0,0,0,2,8,0,10.714285714285714,1.9285714285714286,18,0.03571428571428571,0.5061728395061729,0.947089947089947,0.07789326192814405,0.07778225976402009,1.1785714285714286,0.043155924998009985,0.5141272757574841,0.415385089456608,2.056509103029938,1.6615403578264325,57.60175488599418,0,4.8,10.375662243077326,5.575662243077326,0.04081313110207587,0.004897575732249105,0,57.64256801709626,0.5,-4.739686867742011
117,human_centric,-627064729,25,0,1,0,2,6,0,10.714285714285714,1.9285714285714286,18,0.03571428571428571,0.5061728395061729,0.947089947089947,0.08641477526985208,0.08910413804687867,0.9642857142857143,0.04539654789569974,0.5094094186228837,0.3305249999997719,2.037637674491536,1.3220999999990877,55.75175488599419,1.17,3.5999999999999996,10.115962210638894,5.345962210638895,0.4480351731107786,0.05376422077329343,0,56.19979005910497,0.5,-4.454064826658046
118,human_centric,-627064729,25,0,1,0,2,5,0,10.714285714285714,1.9285714285714286,18,0.03571428571428571,0.5061728395061729,0.947089947089947,0.08856526734936132,0.08910413804687867,0.8214285714285714,0.049307371976378245,0.5084658471959633,0.3001049999999543,2.0338633887838555,1.2004199999998175,55.75175488599419,1.17,3,10.116081008716238,5.946081008716238,0.4486951624293496,0.05384341949152195,0,56.20045004842354,0.5,-3.74772483752443
119,human_centric,-627064729,27,0,1,0,0,5,0,10.714285714285714,1.9285714285714286,18,0.03571428571428571,0.5061728395061729,0.947089947089947,0.08723640958216561,0.08692738600375338,0.6785714285714286,0.033481812167679134,0.5095982007144962,0.29402099999999076,2.0383928028579867,1.1760839999999635,55.936704378542544,1.17,3,10.142110278128975,5.972110278128975,0.4083527221739894,0.049002326660878726,0,56.34505710071653,0.5,-3.729941379307114
120,human_centric,-627064729,25,0,3,0,0,6,0,10.714285714285714,1.9285714285714286,18,0.03571428571428571,0.5061728395061729,0.947089947089947,0.10520152978627584,0.11036009468580321,0.7142857142857143,0.029991180361414575,0.4992561289868681,0.2928041999999982,1.997024515947474,1.1712167999999925,52.23771452757538,3.389393910580316,3.5999999999999996,9.624185991472848,2.634792080892532,1.2299854250515625,0.14759825100618748,0,53.46769995262694,0.5,-6.048986493902332
121,human_centric,-627064729,25,0,3,0,0,5,0,10.714285714285714,1.9285714285714286,18,0.03571428571428571,0.5061728395061729,0.947089947089947,0.10932034441879401,0.11036009468580321,0.5357142857142857,0.025393725009168498,0.4971877146413423,0.2691695380638037,1.9887508585653717,1.076678152255215,52.237714527575385,3.389393910580316,3,9.624498177648817,3.2351042670685013,1.2317197926958239,0.14780637512349887,0,53.46943432027121,0.5,-5.2155897195591905
122,human_centric,-627064729,24,0,3,0,1,7,0,10.714285714285714,1.9285714285714286,18,0.03571428571428571,0.5061728395061729,0.947089947089947,0.10950620499448527,0.11108965345712218,0.8928571428571429,0.027265110368128776,0.49614127597916485,0.263712689728824,1.9845651039166612,1.054850758915296,52.162500000000016,3.376022627125528,4.2,9.611815120779962,2.0357924936544345,1.2364728932219993,0.1483767471866399,0,53.398972893222016,0.5,-6.368850016444495
123,human_centric,-627064729,24,0,3,0,1,7,0,10.714285714285714,1.9285714285714286,18,0.03571428571428571,0.5061728395061729,0.947089947089947,0.11068894753842051,0.11108965345712218,0.8928571428571429,0.0304724700110022,0.49593198824672935,0.2626213200618279,1.9837279529869196,1.0504852802473124,52.16250000000002,3.376022627125528,4.2,9.612120087260342,2.0360974601348145,1.2381671514463257,0.14858005817355907,0,53.40066715144635,0.5,-6.343715532187393
124,human_centric,-627064729,24,0,3,0,1,10,0,10.714285714285714,1.9285714285714286,18,0.03571428571428571,0.5061728395061729,0.947089947089947,0.11100532469740543,0.11108965345712218,1.1785714285714286,0.04040142487926796,0.49589013070024224,0.2624030461284288,1.983560522800971,1.0496121845137154,52.16250000000001,3.376022627125528,6,9.612421170402587,0.2363985432770601,1.2398398355699212,0.14878078026839053,0,53.40233983556993,0.5,-8.137354802857246
125,human_centric,-627064729,24,0,1,0,3,9,0,10.714285714285714,1.9285714285714286,18,0.03571428571428571,0.5061728395061729,0.947089947089947,0.09126311510402219,0.08777341964191043,1.3214285714285714,0.043757085594021694,0.5061470909612199,0.2894656006607148,2.0245883638448814,1.15786240264286,55.81904035841886,1.1566287165452116,5.3999999999999995,10.129531584752158,3.5729028682069464,0.4561351124264601,0.05473621349117521,0,56.27517547084532,0.5,-5.813298716811375
126,human_centric,-627064729,24,0,1,0,3,10,0,10.714285714285714,1.9285714285714286,18,0.03571428571428571,0.5061728395061729,0.947089947089947,0.08822117498752591,0.08777341964191043,1.3928571428571428,0.04277880848067715,0.5081984830134155,0.2892188634411852,2.032793932053663,1.1568754537647412,55.81904035841884,1.1566287165452116,6,10.12963943106197,2.9730107145167572,0.45673425859209615,0.054808111031051536,0,56.27577461701094,0.5,-6.642455480491641
127,human_centric,-627064729,24,0,0,0,4,9,0,10.714285714285714,1.9285714285714286,18,0.03571428571428571,0.5061728395061729,0.947089947089947,0.07768002189529644,0.07598447950608112,1.3928571428571428,0.04070801956792859,0.5135792705913886,0.42834377268823687,2.0543170823655568,1.7133750907529484,57.67154035841884,0,5.3999999999999995,10.395609485022034,4.995609485022034,0.0818456694813444,0.009821480337761328,0,57.753386027900184,0.5,-5.167492278335403
128,human_centric,-627064729,24,0,0,0,4,9,0,10.714285714285714,1.9285714285714286,18,0.03571428571428571,0.5061728395061729,0.947089947089947,0.0762296908796114,0.07598447950608112,1.5,0.04346591439606113,0.5146554281069833,0.43874999999999975,2.0586217124279353,1.755,57.671540358418866,0,5.3999999999999995,10.395628307592617,4.995628307592617,0.08195023931790128,0.009834028718148154,0,57.753490597736764,0.5,-5.28791735024543
129,human_centric,-627064729,24,0,0,0,4,8,0,10.714285714285714,1.9285714285714286,18,0.03571428571428571,0.5061728395061729,0.947089947089947,0.07603350127963382,0.07598447950608112,1.3928571428571428,0.04743137621591271,0.5148706596101024,0.43874999999999975,2.0594826384404112,1.755,57.671540358418845,0,4.8,10.395646897688536,5.595646897688536,0.0820535176285784,0.009846422115429408,0,57.753593876047425,0.5,-4.711920000284091
130,human_centric,-627064729,24,0,0,0,4,9,0,10.714285714285714,1.9285714285714286,18,0.03571428571428571,0.5061728395061729,0.947089947089947,0.07599428304115685,0.07598447950608112,1.5,0.05270839215129411,0.5149137059107262,0.43874999999999975,2.059654823642907,1.755,57.67154035841886,0,5.3999999999999995,10.395665259619955,4.995665259619956,0.08215552835866609,0.00985866340303993,0,57.75369588677753,0.5,-5.31663917522387
131,human_centric,-627064729,24,0,0,0,4,10,0,10.714285714285714,1.9285714285714286,18,0.03571428571428571,0.5061728395061729,0.947089947089947,0.07598644018031409,0.07598447950608112,1.5714285714285714,0.056861243903040475,0.514922315170851,0.43874999999999975,2.0596892606834056,1.755,57.671540358418845,0,6,10.395683397613062,4.3956833976130625,0.08225629498706427,0.009870755398447712,0,57.75379665340591,0.5,-5.917502645729449
132,human_centric,-627064729,24,0,0,0,4,9,0,10.714285714285714,1.9285714285714286,18,0.03571428571428571,0.5061728395061729,0.947089947089947,0.07598487163961654,0.07598447950608112,1.4285714285714286,0.05676811647059507,0.5149240370228758,0.43874999999999975,2.0596961480915055,1.755,57.67154035841885,0,5.3999999999999995,10.395701315811742,4.9957013158117425,0.08235584053527131,0.009882700864232557,0,57.75389619895412,0.5,-5.317595947608035
133,human_centric,-627064729,24,0,0,0,4,11,0,10.714285714285714,1.9285714285714286,18,0.03571428571428571,0.5061728395061729,0.947089947089947,0.07598455793273562,0.07598447950608112,1.6428571428571428,0.05438813090251203,0.5149243813932809,0.43874999999999975,2.0596975255731254,1.755,57.67154035841886,0,6.6,10.39571901827911,3.79571901827911,0.08245418757619957,0.009894502509143949,0,57.753994545995056,0.5,-6.51753617005245
134,human_centric,-627064729,24,0,0,0,4,8,0,10.714285714285714,1.9285714285714286,18,0.03571428571428571,0.5061728395061729,0.947089947089947,0.07598449519140993,0.07598447950608112,1.3571428571428572,0.05102520385624567,0.5149244502673619,0.43874999999999975,2.0596978010694498,1.755,57.67154035841886,0,4.8,10.395736508999102,5.595736508999102,0.0825513582428213,0.009906162989138555,0,57.754091716661684,0.5,-4.717446713282899
135,human_centric,-627064729,24,0,0,0,4,6,0,10.714285714285714,1.9285714285714286,18,0.03571428571428571,0.5061728395061729,0.947089947089947,0.07598448264314661,0.07598447950608112,1.1428571428571428,0.05606473016303537,0.514924464042178,0.43874999999999975,2.059697856168714,1.755,57.671540358418845,0,3.5999999999999996,10.395753791877988,6.7957537918779884,0.08264737423664822,0.009917684908397787,0,57.754187732655495,0.5,-3.5173522400685027
136,human_centric,-627064729,24,0,0,0,4,5,0,10.714285714285714,1.9285714285714286,18,0.03571428571428571,0.5061728395061729,0.947089947089947,0.07598448013349413,0.07598447950608112,1.0357142857142858,0.047235759030811945,0.5149244667971413,0.43874999999999975,2.0596978671885675,1.755,57.67154035841884,0,3,10.39577087074588,7.39577087074588,0.08274225683604775,0.009929070820325729,0,57.75428261525489,0.5,-2.9172576660249874
137,human_centric,-627064729,25,0,0,0,3,5,0,10.714285714285714,1.9285714285714286,18,0.03571428571428571,0.5061728395061729,0.947089947089947,0.07554418540133745,0.07543429749587904,0.8928571428571429,0.04846178879844381,0.5156208959195625,0.43874999999999975,2.062483583678252,1.755,57.76904035841885,0,3,10.409577393268863,7.409577393268863,0.06194515974150476,0.007433419168980571,0,57.830985518160354,0.5,-2.918554824830693
138,human_centric,-627064729,24,0,1,0,3,9,0,10.714285714285714,1.9285714285714286,18,0.03571428571428571,0.5061728395061729,0.947089947089947,0.08472683056765096,0.08752657602421743,1.4285714285714286,0.0649786289653931,0.5101887531726181,0.33052499999977636,2.040755012690475,1.3220999999991057,55.81904035841885,1.17,5.3999999999999995,10.133881132638477,3.5638811326384774,0.4802992673504618,0.057635912082055415,0,56.29933962576931,0.5,-6.241800729563985
139,human_centric,-627064729,24,0,1,0,3,11,0,10.714285714285714,1.9285714285714286,18,0.03571428571428571,0.5061728395061729,0.947089947089947,0.08696543199693618,0.08752657602421743,1.7142857142857142,0.06702285798191163,0.5091023246232292,0.3001049999999552,2.036409298492919,1.200419999999821,55.819040358418846,1.17,6.6,10.133976632634553,2.3639766326345537,0.48082982288423504,0.057699578746108204,0,56.29987018130308,0.5,-7.319590176498663
140,human_centric,-627064729,26,0,1,0,1,11,0,10.714285714285714,1.9285714285714286,18,0.03571428571428571,0.5061728395061729,0.947089947089947,0.0863497983027659,0.08621145940074126,1.5,0.05284874093097601,0.5102596781458398,0.294020999999991,2.0410387125833607,1.1760839999999642,56.01148985096721,1.17,6.6,10.161136990214082,2.3911369902140827,0.43927120577769635,0.05271254469332356,0,56.4507610567449,0.5,-7.298322895589221
141,human_centric,-627064729,23,2,2,0,1,9,0,10.714285714285714,1.9285714285714286,18,0.10714285714285714,0.5061728395061729,0.947089947089947,0.09713490143062331,0.10069300620439936,1.2857142857142858,0.05239628202812076,0.5021704418139568,0.2928041999999982,2.0086817672558293,1.1712167999999927,53.676590865870494,2.34,5.3999999999999995,9.82677283392739,2.08677283392739,0.9165915448372277,0.10999098538046732,0,54.59318241070772,0.5,-7.049907072455491
142,human_centric,-627064729,24,0,4,0,0,8,0,10.714285714285714,1.9285714285714286,18,0.10714285714285714,0.5061728395061729,0.947089947089947,0.11739604678940507,0.12330862152043998,0.8928571428571429,0.03929773745792713,0.491351620645093,0.29225453806380153,1.9654064825803748,1.1690181522552068,50.31000000000001,4.418454519522284,4.8,9.353983317161408,0.1355287976391235,1.6565739842300338,0.19878887810760404,0,51.966573984230045,0.5,-7.864807528020445
143,human_centric,-627064729,23,0,4,0,1,9,0,10.714285714285714,1.9285714285714286,18,0.10714285714285714,0.5061728395061729,0.947089947089947,0.12130147764016086,0.12384738759441416,1.0357142857142858,0.03469443332443555,0.4884914278398917,0.26354181151721723,1.953965711359569,1.054167246068869,50.21250000000002,4.418454519522284,5.3999999999999995,9.337307972218463,-0.4811465473038208,1.6614331789914423,0.19937198147897306,0,51.873933178991464,0.5,-8.237106739076474
144,human_centric,-627064729,23,0,4,0,1,9,0,10.714285714285714,1.9285714285714286,18,0.10714285714285714,0.5061728395061729,0.947089947089947,0.12326633052761338,0.12384738759441416,1.0357142857142858,0.03967460238079361,0.4879193892788513,0.2577992662079003,1.951677557115408,1.0311970648316016,50.21250000000001,4.418454519522284,5.3999999999999995,9.33761835351347,-0.48083616600881385,1.6631575195192696,0.19957890234231235,0,51.87565751951928,0.5,-8.171314079712154
145,human_centric,-627064729,22,0,5,0,1,12,0,10.714285714285714,1.9285714285714286,18,0.10714285714285714,0.5061728395061729,0.947089947089947,0.13105907901912905,0.13353008301824443,1.3214285714285714,0.04206948145439007,0.48223355299521486,0.256650757146037,1.9289342119808615,1.0266030285841479,48.26250000000002,5.588454519522284,7.199999999999999,9.057552474372153,-3.7309020451501302,2.057235968734166,0.24686831624809993,0,50.319735968734186,0.5,-10.890421966729928
146,human_centric,-627064729,22,0,4,1,1,10,3.571428571428571,14.285714285714285,1.9642857142857142,13.75,0.10714285714285714,0.6045454545454545,0.9435064935064934,0.13303471407626866,0.13353008301824443,1.1071428571428572,0.03706672090894741,0.4810963857384876,0.2564210553336643,1.9243855429539518,1.0256842213346573,48.262500000000024,5.588454519522284,6,9.057927576898836,-2.5305269426234487,2.059319871660176,0.2471183845992211,0,50.3218198716602,0.5,-9.560975331050443
147,human_centric,-627064729,22,0,3,0,3,7,0,14.285714285714285,1.9642857142857142,13.75,0.10714285714285714,0.6045454545454545,0.9435064935064934,0.11238581643693224,0.10940246045694235,1.0357142857142858,0.04459547750340403,0.49248713429055435,0.292502496,1.9699485371622203,1.1700099839999998,51.96750000000001,3.51,4.2,9.580225065902669,1.8702250659026687,1.2559725883481558,0.1507167106017787,0,53.223472588348166,0.5,-6.135086452193986
148,human_centric,-627064729,22,0,2,0,4,9,0,14.285714285714285,1.9642857142857142,13.75,0.10714285714285714,0.6045454545454545,0.9435064935064934,0.10067422600657316,0.0989583333333337,1.3928571428571428,0.046245262877664985,0.49964028400096766,0.2925004992,1.9985611360038733,1.1700019968,53.82000000000002,2.34,5.3999999999999995,9.844698664035265,2.104698664035266,0.8727703557514466,0.10473244269017358,0,54.69277035575147,0.5,-6.666941452356967
149,human_centric,-627064729,22,0,2,0,4,8,0,14.285714285714285,1.9642857142857142,13.75,0.10714285714285714,0.6045454545454545,0.9435064935064934,0.09923112475922213,0.0989583333333337,1.2857142857142858,0.04786859217067195,0.5010709139430504,0.29250009984,2.004283655772204,1.1700003993599999,53.820000000000014,2.34,4.8,9.844852213546188,2.7048522135461885,0.8736234085899237,0.10483480903079084,0,54.693623408589936,0.5,-6.22631895303176
150,human_centric,-627064729,22,0,1,1,4,10,3.571428571428571,17.857142857142858,2,11.2,0.10714285714285714,0.6571428571428573,0.9387755102040816,0.09901286048193159,0.0989583333333337,1.5714285714285714,0.05297998024611096,0.5013570399314669,0.2925000199679999,2.0054281597258696,1.170000079872,53.82000000000001,2.34,6,9.845004121513414,1.505004121513414,0.8744673417411881,0.10493608100894257,0,54.694467341741195,0.5,-7.457521130583132
151,human_centric,-627064729,22,0,1,1,4,11,3.571428571428571,17.857142857142858,2.0357142857142856,11.4,0.10714285714285714,0.6456140350877193,0.9367167919799497,0.098969237518443,0.0989583333333337,1.6428571428571428,0.04890331677437014,0.5014142651291501,0.2925000039935999,2.005657060516602,1.1700000159744,53.82000000000001,2.34,6.6,9.845154417608216,0.905154417608216,0.8753023200456391,0.10503627840547669,0,54.69530232004565,0.5,-8.063095374419232
152,human_centric,-627064729,22,0,0,1,5,6,3.571428571428571,17.857142857142858,2.0714285714285716,11.6,0.10714285714285714,0.6344827586206896,0.9347290640394088,0.08941063150716544,0.08790737564322493,1.1785714285714286,0.0538762053474955,0.5063007101686868,0.2925004992,2.0252028406747495,1.1700019968,55.672500000000014,1.17,3.5999999999999996,10.110876476266455,5.340876476266455,0.49903597925807497,0.059884317510968996,0,56.17153597925809,0.5,-4.134143559634898
153,human_centric,-627064729,22,0,0,1,5,7,3.571428571428571,17.857142857142858,2.107142857142857,11.8,0.10714285714285714,0.623728813559322,0.9328087167070216,0.08813880392666595,0.08790737564322493,1.3571428571428572,0.0538209357192266,0.5072779991765942,0.29250009984,2.0291119967063787,1.1700003993599999,55.6725,1.17,4.2,10.110960296916913,4.740960296916913,0.4995016495384025,0.059940197944608295,0,56.1720016495384,0.5,-4.84313425824021
154,human_centric,-627064729,22,0,0,1,5,7,3.571428571428571,17.857142857142858,2.142857142857143,12,0.10714285714285714,0.6133333333333333,0.9309523809523808,0.08795364347259116,0.08790737564322493,1.3928571428571428,0.057195247147785774,0.5074734569781757,0.2925000199679999,2.029893827912705,1.170000079872,55.672500000000014,1.17,4.2,10.111043248198897,4.741043248198896,0.4999624899938565,0.059995498799262775,0,56.17246248999387,0.5,-4.864564691561871
155,human_centric,-627064729,22,0,1,0,5,9,0,17.857142857142858,2.142857142857143,12,0.10714285714285714,0.6133333333333333,0.9309523809523808,0.08791662849633464,0.08790737564322493,1.5714285714285714,0.05908025211926732,0.5075125485384919,0.2925000039935999,2.03005019415397,1.1700000159744,55.67250000000003,1.17,5.3999999999999995,10.111125345727086,3.541125345727086,0.5004185873726678,0.06005023048472013,0,56.1729185873727,0.5,-6.068486848938464
156,human_centric,-627064729,22,0,1,0,5,12,0,17.857142857142858,2.142857142857143,12,0.10714285714285714,0.6133333333333333,0.9309523809523808,0.08790922618533892,0.08790737564322493,1.9285714285714286,0.05365971561017706,0.5075203668505551,0.29250000079871996,2.030081467402223,1.1700000031948798,55.672500000000014,1.17,7.199999999999999,10.111206604810041,1.741206604810042,0.5008700267224386,0.060104403206692636,0,56.17337002672245,0.5,-7.868911060539784
157,human_centric,-627064729,22,0,1,0,5,10,0,17.857142857142858,2.142857142857143,12,0.10714285714285714,0.6133333333333333,0.9309523809523808,0.0879077457505073,0.08790737564322493,1.6428571428571428,0.04875161101665848,0.5075219305129678,0.292500000159744,2.0300877220518734,1.170000000638976,55.67250000000001,1.17,6,10.111287040456132,2.9412870404561318,0.5013168914229427,0.06015802697075312,0,56.17381689142295,0.5,-6.668639326029492
158,human_centric,-627064729,23,0,1,0,4,7,0,17.857142857142858,2.142857142857143,12,0.10714285714285714,0.6133333333333333,0.9309523809523808,0.08764016588688528,0.0875733855185914,1.1428571428571428,0.04621522001296284,0.508218671816879,0.29250000003194865,2.032874687267518,1.1700000001277953,55.77000000000001,1.17,4.2,10.125077091475587,4.755077091475587,0.48042828597547466,0.05765139431705696,0,56.25042828597549,0.5,-4.870062957515022
159,human_centric,-627064729,22,0,2,0,4,6,0,17.857142857142858,2.142857142857143,12,0.10714285714285714,0.6133333333333333,0.9309523809523808,0.09627943478669199,0.0989583333333337,1.0714285714285714,0.04558119681014862,0.5027865915062327,0.29250000000638976,2.0111463660249327,1.1700000000255588,53.82000000000001,2.34,3.5999999999999996,9.851011118053597,3.9110111180535974,0.9078395447422045,0.10894074536906453,0,54.72783954474221,0.5,-5.184258703955896
160,human_centric,-627064729,22,0,1,1,4,4,3.571428571428571,17.857142857142858,2.1785714285714284,12.2,0.10714285714285714,0.6032786885245902,0.9291569086651053,0.09842139340977663,0.0989583333333337,0.8571428571428571,0.04847406986972983,0.5017001754441034,0.29250000000127785,2.006800701776416,1.1700000000051118,53.82,2.34,2.4,9.851152216242625,5.111152216242624,0.908623423570141,0.10903481082841691,0,54.72862342357014,0.5,-3.861796226169497
161,human_centric,-627064729,22,0,1,1,4,5,3.571428571428571,17.857142857142858,2.2142857142857144,12.4,0.10714285714285714,0.5935483870967742,0.9274193548387095,0.09885089881940523,0.0989583333333337,1,0.051490996798690465,0.5014828922316775,0.29250000000025556,2.0059315689267114,1.1700000000010222,53.82000000000002,2.34,3,9.851291929179846,4.511291929179846,0.9093996065546757,0.10912795278656108,0,54.7293996065547,0.5,-4.43668432339323
162,human_centric,-627064729,24,0,1,1,2,5,3.571428571428571,17.857142857142858,2.25,12.6,0.10714285714285714,0.5841269841269843,0.9257369614512472,0.09826706960098486,0.0981216015818096,0.8214285714285714,0.044573226120312254,0.5028322927320497,0.29250000000005105,2.0113291709282004,1.1700000000002044,54.01500000000002,2.34,3,9.878794802141812,4.538794802141812,0.8671933452322662,0.10406320142787194,0,54.88219334523229,0.5,-4.435023440757313
163,human_centric,-627064729,23,0,3,1,1,7,3.571428571428571,17.857142857142858,2.2857142857142856,12.8,0.10714285714285714,0.575,0.9241071428571428,0.11390363351069888,0.11881502156813029,0.8571428571428571,0.04167777629669122,0.4926557442606954,0.2925000000000102,1.9706229770427832,1.1700000000000408,50.21250000000001,4.68,4.2,9.345622520273801,0.4656225202738016,1.7076251126322202,0.2049150135158664,0,51.920125112632235,0.5,-7.457318244565703
164,human_centric,-627064729,22,0,4,0,2,9,0,17.857142857142858,2.2857142857142856,12.8,0.10714285714285714,0.575,0.9241071428571428,0.11682056668056573,0.11921708185053381,1.1785714285714286,0.05587566507067229,0.48992400599499586,0.292500000000002,1.9596960239799854,1.1700000000000081,50.115000000000016,4.68,5.3999999999999995,9.328899286596812,-0.7511007134031873,1.7122182588711614,0.20546619106453937,0,51.82721825887118,0.5,-8.444270412568414
165,human_centric,-627064729,22,0,4,0,2,10,0,17.857142857142858,2.2857142857142856,12.8,0.10714285714285714,0.575,0.9241071428571428,0.11866617800494028,0.11921708185053381,1.25,0.05864767910625505,0.489377658341856,0.2925000000000004,1.9575106333674264,1.1700000000000015,50.11500000000001,4.68,6,9.329151725284811,-1.3508482747151884,1.7136206960267213,0.20563448352320654,0,51.82862069602673,0.5,-8.98167703826121
166,human_centric,-627064729,22,0,4,0,2,10,0,17.857142857142858,2.2857142857142856,12.8,0.10714285714285714,0.575,0.9241071428571428,0.11910687647446916,0.11921708185053381,1.25,0.05864767910625505,0.4892683888112281,0.2925,1.9570735552449143,1.1700000000000004,50.11500000000001,4.68,6,9.329401784187201,-1.3505982158127985,1.7150099121511118,0.20580118945813342,0,51.83000991215112,0.5,-8.968049634706489
167,human_centric,-627064729,23,0,4,0,1,9,0,17.857142857142858,2.2857142857142856,12.8,0.10714285714285714,0.575,0.9241071428571428,0.11887331218170605,0.11881502156813029,1.0357142857142858,0.053920380260226344,0.4899429634765311,0.2925,1.9597718539061257,1.17,50.21250000000002,4.68,5.3999999999999995,9.3435804093658,-0.7364195906341999,1.6962800520322023,0.20355360624386426,0,51.90878005203222,0.5,-8.364831857339311
168,human_centric,-627064729,22,0,3,0,3,6,0,17.857142857142858,2.2857142857142856,12.8,0.10714285714285714,0.575,0.9241071428571428,0.10914071550554971,0.10940246045694235,0.9285714285714286,0.05252865179365695,0.4942564498381631,0.2925,1.9770257993526543,1.17,51.96750000000002,3.51,3.5999999999999996,9.584468013707138,2.4744680137071384,1.2795445205951848,0.15354534247142215,0,53.24704452059521,0.5,-5.709677861279095
169,human_centric,-627064729,22,0,1,1,4,4,3.571428571428571,21.428571428571427,2.3214285714285716,10.833333333333334,0.10714285714285714,0.6230769230769231,0.9192307692307691,0.1000970263287726,0.0989583333333337,0.8571428571428571,0.05302864355267856,0.49999414711048956,0.2925121679999998,1.9999765884419602,1.1700486719999996,53.82000000000001,2.34,2.4,9.849552487723962,5.1095524877239615,0.8997360429108927,0.10796832514930713,0,54.7197360429109,0.5,-3.679608433463963
170,human_centric,-627064729,22,0,1,1,4,6,3.571428571428571,21.428571428571427,2.357142857142857,11,0.10714285714285714,0.6111111111111109,0.9166666666666665,0.09911606624632552,0.0989583333333337,1.0714285714285714,0.051355952551129486,0.5011416865649547,0.29250243359999994,2.004566746259821,1.1700097343999998,53.820000000000014,2.34,3.5999999999999996,9.84967859489289,3.90967859489289,0.9004366382938153,0.10805239659525782,0,54.72043663829383,0.5,-5.0074322569811525
171,human_centric,-627064729,22,0,2,0,4,10,0,21.428571428571427,2.357142857142857,11,0.10714285714285714,0.6111111111111109,0.9166666666666665,0.09898986547515487,0.0989583333333337,1.5714285714285714,0.05436015503129525,0.5013711944558477,0.29250048671999984,2.005484777823393,1.17000194688,53.82000000000001,2.34,6,9.849803561657861,1.5098035616578613,0.9011308980992287,0.10813570777190745,0,54.72113089809923,0.5,-7.432442880955769
172,human_centric,-627064729,22,0,2,0,4,11,0,21.428571428571427,2.357142857142857,11,0.10714285714285714,0.6111111111111109,0.9166666666666665,0.09896463918438392,0.0989583333333337,1.6785714285714286,0.04970148986940024,0.5014170960340263,0.29250009734399995,2.0056683841361074,1.1700003893759998,53.82,2.34,6.6,9.84992740781604,0.9099274078160402,0.9018189323113392,0.1082182718773607,0,54.721818932311336,0.5,-8.036895823499682
173,human_centric,-627064729,22,0,1,0,5,8,0,21.428571428571427,2.357142857142857,11,0.10714285714285714,0.6111111111111109,0.9166666666666665,0.08940973391249085,0.08790737564322493,1.4285714285714286,0.047724684416405545,0.506301276349662,0.2925000194687999,2.0252051053986504,1.1700000778752,55.672500000000014,1.17,4.8,10.11441695255691,4.14441695255691,0.5187052919828233,0.0622446350379388,0,56.19120529198284,0.5,-5.314537659179389
174,human_centric,-627064729,22,0,1,0,5,8,0,21.428571428571427,2.357142857142857,11,0.10714285714285714,0.6111111111111109,0.9166666666666665,0.08813871069899148,0.08790737564322493,1.4642857142857142,0.04920532513015254,0.5072781124127894,0.29250000389375996,2.029112449651159,1.1700000155750399,55.67250000000002,1.17,4.8,10.114486877287266,4.1444868772872665,0.5190937627070156,0.06229125152484186,0,56.191593762707036,0.5,-5.423554827525417
175,human_centric,-627064729,22,0,1,0,5,6,0,21.428571428571427,2.357142857142857,11,0.10714285714285714,0.6111111111111109,0.9166666666666665,0.08795362484249769,0.08790737564322493,1.2142857142857142,0.055275883352717936,0.5074734796254147,0.29250000077875193,2.0298939185016605,1.170000003115008,55.67250000000001,1.17,3.5999999999999996,10.114556190762787,5.344556190762788,0.5194788375710325,0.0623374605085239,0,56.19197883757104,0.5,-4.245050880475452
176,human_centric,-627064729,22,0,0,0,6,7,0,21.428571428571427,2.357142857142857,11,0.10714285714285714,0.6111111111111109,0.9166666666666665,0.07790567432495132,0.07627118644067798,1.4642857142857142,0.06408802643454652,0.5123875530679397,0.42900000015575035,2.049550212271761,1.7160000006230014,57.52500000000002,0,4.2,10.37721637706292,6.17721637706292,0.12620209479398242,0.01514425137527789,0,57.651202094794,0.5,-3.9362038488153006
177,human_centric,-627064729,22,0,0,0,6,8,0,21.428571428571427,2.357142857142857,11,0.10714285714285714,0.6111111111111109,0.9166666666666665,0.07652962913590611,0.07627118644067798,1.5357142857142858,0.060082615080575816,0.5133703677564448,0.43874999999999975,2.053481471025781,1.755,57.52500000000001,0,4.8,10.377232914523876,5.577232914523877,0.12629396957708183,0.015155276349249819,0,57.6512939695771,0.5,-4.646187219144774
178,human_centric,-627064729,22,0,0,0,6,9,0,21.428571428571427,2.357142857142857,11,0.10714285714285714,0.6111111111111109,0.9166666666666665,0.07632285519641924,0.07627118644067798,1.6428571428571428,0.05269960794207751,0.5135669306941457,0.43874999999999975,2.0542677227765855,1.755,57.52500000000001,0,5.3999999999999995,10.377249311096847,4.977249311096847,0.12638506164913493,0.015166207397896191,0,57.65138506164915,0.5,-5.268111176095219
179,human_centric,-627064729,23,0,0,0,5,10,0,21.428571428571427,2.357142857142857,11,0.10714285714285714,0.6111111111111109,0.9166666666666665,0.07603314041410014,0.07596084118926805,1.6071428571428572,0.05123862630278867,0.5143026718531145,0.43874999999999975,2.0572106874124603,1.755,57.622500000000024,0,6,10.39091186066025,4.39091186066025,0.1047881147791383,0.012574573773496595,0,57.727288114779164,0.5,-5.874611132769722
180,human_centric,-627064729,22,0,1,0,5,8,0,21.428571428571427,2.357142857142857,11,0.10714285714285714,0.6111111111111109,0.9166666666666665,0.08510125942106628,0.08790737564322493,1.3571428571428572,0.04430981593687553,0.5088783915134797,0.33052499999977636,2.035513566053921,1.3220999999991057,55.6725,1.17,4.8,10.118054678590648,4.148054678590648,0.5389148810591576,0.06466978572709892,0,56.211414881059156,0.5,-5.582964968450635
181,human_centric,-627064729,22,0,1,0,5,10,0,21.428571428571427,2.357142857142857,11,0.10714285714285714,0.6111111111111109,0.9166666666666665,0.08734495339486825,0.08790737564322493,1.6071428571428572,0.04787549991450213,0.5077935354455528,0.3001049999999552,2.0311741417822136,1.200419999999821,55.67250000000001,1.17,6,10.118122756225782,2.948122756225782,0.5392930901432308,0.0647151708171877,0,56.21179309014324,0.5,-6.661082879758737
182,human_centric,-627064729,22,0,1,0,5,7,0,21.428571428571427,2.357142857142857,11,0.10714285714285714,0.6111111111111109,0.9166666666666665,0.08779484311038876,0.08790737564322493,1.25,0.06213571083400076,0.5075765642319674,0.294020999999991,2.030306256927872,1.1760839999999642,55.67250000000003,1.17,4.2,10.118190273672484,4.748190273672484,0.539668187069334,0.06476018244832007,0,56.21216818706936,0.5,-4.83640700691105
183,human_centric,-627064729,24,0,1,0,3,7,0,21.428571428571427,2.357142857142857,11,0.10714285714285714,0.6111111111111109,0.9166666666666665,0.08725335960662517,0.08711843711843725,1.1071428571428572,0.055132116452665456,0.5089260271321076,0.2928041999999982,2.035704108528432,1.1712167999999927,55.86750000000003,1.17,4.2,10.145497589590532,4.775497589590532,0.4963754977251471,0.05956505972701765,0,56.363875497725175,0.5,-4.835839541070922
184,human_centric,-627064729,23,0,3,0,2,11,0,21.428571428571427,2.357142857142857,11,0.10714285714285714,0.6111111111111109,0.9166666666666665,0.10383183560505893,0.10902255639097769,1.3928571428571428,0.049765322279548246,0.4987494911407069,0.2925608399999995,1.9949979645628295,1.1702433599999986,52.065,3.51,6.6,9.614761696298205,-0.4952383037017949,1.3503427572122517,0.1620411308654702,0,53.41534275721225,0.5,-9.044600250546969
185,human_centric,-627064729,22,0,3,0,3,8,0,21.428571428571427,2.357142857142857,11,0.10714285714285714,0.6111111111111109,0.9166666666666665,0.10695055542684173,0.10940246045694235,1.1428571428571428,0.05715823205858884,0.4960177553709982,0.3001049999999552,1.984071021483995,1.200419999999821,51.967500000000015,3.51,4.8,9.595894119548234,1.2858941195482343,1.3430228863790603,0.16116274636548722,0,53.310522886379076,0.5,-7.043465715172775
186,human_centric,-627064729,22,0,3,0,3,11,0,21.428571428571427,2.357142857142857,11,0.10714285714285714,0.6111111111111109,0.9166666666666665,0.10884134703505621,0.10940246045694235,1.5714285714285714,0.051355952551129486,0.49547140821705654,0.294020999999991,1.9818856328682286,1.1760839999999642,51.96750000000001,3.51,6.6,9.596056464984512,-0.5139435350154873,1.343924805469506,0.16127097665634071,0,53.311424805469514,0.5,-8.781372914840864
187,human_centric,-627064729,22,0,3,0,3,10,0,21.428571428571427,2.357142857142857,11,0.10714285714285714,0.6111111111111109,0.9166666666666665,0.10929021301793052,0.10940246045694235,1.4285714285714286,0.05342625833207002,0.49536213878626817,0.2928041999999982,1.981448555145074,1.1712167999999927,51.96750000000001,3.51,6,9.596217531866515,0.08621753186651482,1.3448196214806334,0.161378354577676,0,53.31231962148064,0.5,-8.16823992258145
188,human_centric,-627064729,23,0,3,0,2,7,0,21.428571428571427,2.357142857142857,11,0.10714285714285714,0.6111111111111109,0.9166666666666665,0.10907601491756935,0.10902255639097769,1,0.0409348430516275,0.496036713471539,0.2925608399999995,1.9841468538861575,1.1702433599999986,52.06500000000002,3.51,4.2,9.610252861507028,1.9002528615070284,1.3252936750390287,0.15903524100468344,0,53.39029367503905,0.5,-6.365818233773372
189,human_centric,-627064729,22,0,2,0,4,7,0,21.428571428571427,2.357142857142857,11,0.10714285714285714,0.6111111111111109,0.9166666666666665,0.09883121189307431,0.0989583333333337,1.25,0.04549550823808072,0.5003501998371647,0.2925608399999995,2.0014007993486613,1.1702433599999986,53.82000000000002,2.34,4.2,9.849913102313899,3.3099131023138986,0.9017394572994188,0.10820873487593026,0,54.72173945729944,0.5,-5.51748292446305
190,human_centric,-627064729,22,0,1,0,5,6,0,21.428571428571427,2.357142857142857,11,0.10714285714285714,0.6111111111111109,0.9166666666666665,0.08920361101243013,0.08790737564322493,1.1428571428571428,0.05479519347089877,0.5060878971102897,0.3001049999999552,2.024351588441161,1.200419999999821,55.67250000000002,1.17,3.5999999999999996,10.113892085101517,5.343892085101517,0.5157893616750763,0.06189472340100915,0,56.188289361675096,0.5,-4.0935551146773985
191,human_centric,-627064729,23,0,1,0,4,6,0,21.428571428571427,2.357142857142857,11,0.10714285714285714,0.6111111111111109,0.9166666666666665,0.08782977720398977,0.0875733855185914,1.0357142857142858,0.054814502001109426,0.5079318651363434,0.294020999999991,2.0317274605453752,1.1760839999999642,55.769999999999996,1.17,3.5999999999999996,10.127733999576451,5.3577339995764515,0.49518888653585097,0.05942266638430212,0,56.265188886535846,0.5,-4.22318000873465
192,human_centric,-627064729,22,0,2,0,4,10,0,21.428571428571427,2.357142857142857,11,0.10714285714285714,0.6111111111111109,0.9166666666666665,0.0963090416335155,0.0989583333333337,1.5,0.05553968027146073,0.5027292301701254,0.2928041999999982,2.010916920680504,1.1712167999999927,53.82000000000001,2.34,6,9.852196272310513,1.5121962723105131,0.9144237350583976,0.10973084820700771,0,54.73442373505841,0.5,-7.571250043995697
193,human_centric,-627064729,22,0,2,0,4,11,0,21.428571428571427,2.357142857142857,11,0.10714285714285714,0.6111111111111109,0.9166666666666665,0.09842737604116736,0.0989583333333337,1.5714285714285714,0.04206948145439006,0.5016887031768819,0.2925608399999995,2.0067548127075296,1.1702433599999986,53.820000000000014,2.34,6.6,9.852300529303232,0.9123005293032325,0.9150029405735023,0.10980035286882027,0,54.735002940573516,0.5,-8.054131815237318
194,human_centric,-627064729,22,0,1,0,5,8,0,21.428571428571427,2.357142857142857,11,0.10714285714285714,0.6111111111111109,0.9166666666666665,0.08929669517985261,0.08790737564322493,1.3571428571428572,0.04000496000993909,0.5063555977782332,0.294020999999991,2.0254223911129343,1.1760839999999642,55.672500000000014,1.17,4.8,10.115769816180274,4.145769816180274,0.526221201001504,0.06314654412018049,0,56.19872120100152,0.5,-5.313105750160669
195,human_centric,-627064729,22,0,1,0,5,9,0,21.428571428571427,2.357142857142857,11,0.10714285714285714,0.6111111111111109,0.9166666666666665,0.08811617176995235,0.08790737564322493,1.4642857142857142,0.03408672412985386,0.5072889766985033,0.2928041999999982,2.029155906794016,1.1712167999999927,55.67250000000002,1.17,5.3999999999999995,10.11582885715602,3.54582885715602,0.5265492064223112,0.06318590477067734,0,56.19904920642233,0.5,-6.0173161838101175
196,human_centric,-627064729,22,0,1,0,5,6,0,21.428571428571427,2.357142857142857,11,0.10714285714285714,0.6111111111111109,0.9166666666666665,0.08794911950736806,0.08790737564322493,1.1071428571428572,0.04577954997340184,0.5074756524825574,0.2925608399999995,2.0299026099302324,1.1702433599999986,55.67250000000002,1.17,3.5999999999999996,10.115887468796947,5.345887468796947,0.5268748266496864,0.06322497919796237,0,56.19937482664971,0.5,-4.237898251396805
197,human_centric,-627064729,22,0,0,0,6,6,0,21.428571428571427,2.357142857142857,11,0.10714285714285714,0.6111111111111109,0.9166666666666665,0.07790479041854503,0.07627118644067798,1.25,0.05014661045058319,0.5123879876393683,0.42901216799999986,2.0495519505574755,1.7160486719999994,57.52500000000002,0,3.5999999999999996,10.377537005311122,6.777537005311123,0.1279833628395521,0.015358003540746254,0,57.65298336283957,0.5,-3.3344712527697293
198,human_centric,-627064729,22,0,0,0,6,7,0,21.428571428571427,2.357142857142857,11,0.10714285714285714,0.6111111111111109,0.9166666666666665,0.07652953757547487,0.07627118644067798,1.3571428571428572,0.043333333333333335,0.5133704546707305,0.43874999999999975,2.0534818186829242,1.755,57.525,0,4.2,10.377551030491507,6.1775510304915064,0.12806128050836885,0.01536735366100426,0,57.65306128050837,0.5,-4.044429642613513
199,human_centric,-627064729,22,0,0,0,6,5,0,21.428571428571427,2.357142857142857,11,0.10714285714285714,0.6111111111111109,0.9166666666666665,0.07632283689833796,0.07627118644067798,1.1428571428571428,0.0440898553401499,0.513566948077003,0.43874999999999975,2.0542677923080137,1.755,57.52500000000002,0,3,10.377564956366372,7.377564956366372,0.12813864647983284,0.015376637577579939,0,57.65313864647985,0.5,-2.866359538144536
200,human_centric,-627064729,23,0,0,0,5,9,0,21.428571428571427,2.357142857142857,11,0.10714285714285714,0.6111111111111109,0.9166666666666665,0.07603313676167733,0.07596084118926805,1.6071428571428572,0.06935835934176941,0.514302675329686,0.43874999999999975,2.0572107013187457,1.755,57.62250000000002,0,5.3999999999999995,10.391171367628894,4.991171367628895,0.10622982016051634,0.012747578419261961,0,57.72872982016053,0.5,-5.273169816764352
